Category,CategoryID,GO,Description,PARENT_GO,LogP,Enrichment,Z-score,#TotalGeneInLibrary,#GeneInGO,#GeneInHitList,#GeneInGOAndHitList,%InGO,STDV %InGO,GeneID,Hits,Log(q-value),GeneList
Cell Type Signatures,7,M39070,MANNO MIDBRAIN NEUROTYPES HNBGABA,,-5.8,34,12,30286,703,5,4,80,18,4045|5101|22871|253559,LSAMP|PCDH9|NLGN1|CADM2,-1.3,Lrp1b
DisGeNET,35,C0019569,Hirschsprung Disease,,-4.7,47,12,30286,384,5,3,60,22,5101|22871|23236,PCDH9|NLGN1|PLCB1,-0.65,Lrp1b
DisGeNET,35,C0037369,Smoking,,-4.7,46,12,30286,391,5,3,60,22,5101|23236|253559,PCDH9|PLCB1|CADM2,-0.65,Lrp1b
DisGeNET,35,C0041696,Unipolar Depression,,-4,28,9,30286,641,5,3,60,22,4045|5101|23236,LSAMP|PCDH9|PLCB1,-0.15,Lrp1b
DisGeNET,35,C0023508,White Blood Cell Count procedure,,-4,27,8.7,30286,681,5,3,60,22,4045|22871|23236,LSAMP|NLGN1|PLCB1,-0.15,Lrp1b
