_MEMBER_Hdac4,_LogP_Hdac4,GO,_PATTERN_,_RANK_,GiniIndex,Category,CategoryID,Description,PARENT_GO,LogP,Enrichment,Z-score,#TotalGeneInLibrary,#GeneInGO,#GeneInHitList,#GeneInGOAndHitList,%InGO,STDV %InGO,GeneID,Hits,Log(q-value),EvidenceCutoff
1,-3.9,M39161,M1,1,0,Cell Type Signatures,7,GAO LARGE INTESTINE ADULT CA ENTEROENDOCRINE CELLS,,-3.9,15,7.3,30286,312,26,4,15,7.1,4747|5999|94032|147381,NEFL|RGS4|CAMK2N2|CBLN2,-0.24,0
1,-3.3,M39072,M1,1,0,Cell Type Signatures,7,MANNO MIDBRAIN NEUROTYPES HSERT,,-3.3,10,5.9,30286,450,26,4,15,7.1,9951|57469|94032|147381,HS3ST4|PNMA8B|CAMK2N2|CBLN2,0,0
1,-2.9,M41709,M1,1,0,Cell Type Signatures,7,FAN OVARY CL7 ANGEIOGENIC ENDOTHELIAL CELL,,-2.9,14,6,30286,251,26,3,12,6.3,801|1490|7529,CALM1|CCN2|YWHAB,0,0
1,-2.6,M39064,M1,1,0,Cell Type Signatures,7,MANNO MIDBRAIN NEUROTYPES HNBML1,,-2.6,11,5.2,30286,328,26,3,12,6.3,55534|80274|147381,MAML3|SCUBE1|CBLN2,0,0
1,-2.4,M39057,M1,1,0,Cell Type Signatures,7,MANNO MIDBRAIN NEUROTYPES HRGL1,,-2.4,9.6,4.8,30286,364,26,3,12,6.3,1490|5999|23576,CCN2|RGS4|DDAH1,0,0
1,-2.4,M39209,M1,1,0,Cell Type Signatures,7,HAY BONE MARROW STROMAL,,-2.4,6.1,4.2,30286,765,26,4,15,7.1,1490|4692|80274|147381,CCN2|NDN|SCUBE1|CBLN2,0,0
1,-2.4,M39073,M1,1,0,Cell Type Signatures,7,MANNO MIDBRAIN NEUROTYPES HOMTN,,-2.4,9,4.6,30286,389,26,3,12,6.3,1129|4747|5522,CHRM2|NEFL|PPP2R2C,0,0
1,-2,M39067,M1,1,0,Cell Type Signatures,7,MANNO MIDBRAIN NEUROTYPES HDA,,-2,6.9,3.9,30286,506,26,3,12,6.3,9951|57469|147381,HS3ST4|PNMA8B|CBLN2,0,0
