_MEMBER_Gm973,_LogP_Gm973,GO,_PATTERN_,_RANK_,GiniIndex,Category,CategoryID,Description,PARENT_GO,LogP,Enrichment,Z-score,#TotalGeneInLibrary,#GeneInGO,#GeneInHitList,#GeneInGOAndHitList,%InGO,STDV %InGO,GeneID,Hits,Log(q-value),EvidenceCutoff
1,-3.8,M40270,M1,1,0,Cell Type Signatures,7,DESCARTES FETAL PANCREAS ENS NEURONS,,-3.8,15,7.3,30286,163,49,4,8.2,3.9,8448|11255|55117|167410,DOC2A|HRH3|SLC6A15|LIX1,0,0
1,-3.4,M41670,M1,1,0,Cell Type Signatures,7,TRAVAGLINI LUNG LYMPHATIC CELL,,-3.4,12,6.3,30286,209,49,4,8.2,3.9,2681|5355|55509|93035,GGTA1|PLP2|BATF3|PKHD1L1,0,0
1,-3.1,M39310,M1,1,0,Cell Type Signatures,7,CUI DEVELOPING HEART TRABECULAR VENTRICULAR CARDIOMYOCYTE,,-3.1,17,6.7,30286,110,49,3,6.1,3.4,9162|10678|167410,DGKI|B3GNT2|LIX1,0,0
1,-2.7,M40214,M1,1,0,Cell Type Signatures,7,DESCARTES FETAL INTESTINE ENS NEURONS,,-2.7,12,5.4,30286,160,49,3,6.1,3.4,11255|55117|167410,HRH3|SLC6A15|LIX1,0,0
