_MEMBER_Gm973,_LogP_Gm973,GO,_PATTERN_,_RANK_,GiniIndex,Category,CategoryID,Description,PARENT_GO,LogP,Enrichment,Z-score,#TotalGeneInLibrary,#GeneInGO,#GeneInHitList,#GeneInGOAndHitList,%InGO,STDV %InGO,GeneID,Hits,Log(q-value),EvidenceCutoff
1,-4.1,C0041696,M1,1,0,DisGeNET,35,Unipolar Depression,,-4.1,6.7,5.9,30286,641,49,7,14,5,2272|3131|7008|8863|9572|55117|79365,FHIT|HLF|TEF|PER3|NR1D1|SLC6A15|BHLHE41,0,0
1,-3.1,C0202239,M1,1,0,DisGeNET,35,Uric acid measurement (procedure),,-3.1,9.4,5.5,30286,264,49,4,8.2,3.9,3131|4038|9099|145957,HLF|LRP4|USP2|NRG4,0,0
1,-2.8,C0281361,M1,1,0,DisGeNET,35,Adenocarcinoma of pancreas,,-2.8,6,4.6,30286,518,49,5,10,4.3,2272|7913|8448|54894|91057,FHIT|DEK|DOC2A|RNF43|CCDC34,0,0
1,-2.3,C0948089,M1,1,0,DisGeNET,35,Acute Coronary Syndrome,,-2.3,5.6,3.9,30286,439,49,4,8.2,3.9,1628|2272|7139|25902,DBP|FHIT|TNNT2|MTHFD1L,0,0
1,-2.2,C0035309,M1,1,0,DisGeNET,35,Retinal Diseases,,-2.2,4.3,3.6,30286,714,49,5,10,4.3,1628|9162|9572|29844|145957,DBP|DGKI|NR1D1|TFPT|NRG4,0,0
1,-2.2,C0024232,M1,1,0,DisGeNET,35,Lymphatic Metastasis,,-2.2,5.3,3.8,30286,463,49,4,8.2,3.9,310|2272|79365|91057,ANXA7|FHIT|BHLHE41|CCDC34,0,0
