_MEMBER_Npas2,_LogP_Npas2,GO,_PATTERN_,_RANK_,GiniIndex,Category,CategoryID,Description,PARENT_GO,LogP,Enrichment,Z-score,#TotalGeneInLibrary,#GeneInGO,#GeneInHitList,#GeneInGOAndHitList,%InGO,STDV %InGO,GeneID,Hits,Log(q-value),EvidenceCutoff
1,-6.5,COVID022,M1,1,0,COVID,200,RNA_Keller_B-cells-CD21pos_infection_Up,,-6.5,12,9,30286,269,75,8,11,3.6,5027|8482|9672|10125|80757|94103|124222|252995,P2RX7|SEMA7A|SDC3|RASGRP1|TMEM121|ORMDL3|PAQR4|FNDC5,-2.4,0
1,-3,COVID010,M1,1,0,COVID,200,RNA_Blanco-Melo_A549-ACE2_Up,,-3,6.7,5,30286,300,75,5,6.7,2.9,1850|9592|10140|10252|84919,DUSP8|IER2|TOB1|SPRY1|PPP1R15B,-0.45,0
1,-2.3,COVID023,M1,1,0,COVID,200,RNA_Keller_B-cells-Infected_CD21pos_Down,,-2.3,5.8,4,30286,278,75,4,5.3,2.6,8482|9672|10125|124222,SEMA7A|SDC3|RASGRP1|PAQR4,0,0
1,-2.2,COVID005,M1,1,0,COVID,200,RNA_Appelberg_Huh-7_72h_Down,,-2.2,5.4,3.8,30286,300,75,4,5.3,2.6,9672|9679|56848|124222,SDC3|FAM53B|SPHK2|PAQR4,0,0
1,-2.2,COVID036,M1,1,0,COVID,200,RNA_Sun_Calu-3_0h_Up,,-2.2,5.4,3.8,30286,300,75,4,5.3,2.6,3566|8482|10125|84919,IL4R|SEMA7A|RASGRP1|PPP1R15B,0,0
1,-2.2,COVID039,M1,1,0,COVID,200,RNA_Sun_Calu-3_24h_Down,,-2.2,5.4,3.8,30286,300,75,4,5.3,2.6,811|6160|6201|23231,CALR|RPL31|RPS7|SEL1L3,0,0
1,-2.2,COVID243,M1,1,0,COVID,200,RNA_Riva_Vero-E6_24h_Up,,-2.2,5.4,3.8,30286,300,75,4,5.3,2.6,1850|8482|9592|84919,DUSP8|SEMA7A|IER2|PPP1R15B,0,0
