Category,CategoryID,GO,Description,PARENT_GO,LogP,Enrichment,Z-score,#TotalGeneInLibrary,#GeneInGO,#GeneInHitList,#GeneInGOAndHitList,%InGO,STDV %InGO,GeneID,Hits,Log(q-value),GeneList
DisGeNET,35,C0234985,Mental deterioration,,-7.3,8.7,8.8,30286,508,75,11,15,4.1,811|1137|1203|3737|3745|5621|5654|6506|8507|9575|10846,CALR|CHRNA4|CLN5|KCNA2|KCNB1|PRNP|HTRA1|SLC1A2|ENC1|CLOCK|PDE10A,-2.8,Npas2
COVID,200,COVID022,RNA_Keller_B-cells-CD21pos_infection_Up,,-6.5,12,9,30286,269,75,8,11,3.6,5027|8482|9672|10125|80757|94103|124222|252995,P2RX7|SEMA7A|SDC3|RASGRP1|TMEM121|ORMDL3|PAQR4|FNDC5,-2.4,Npas2
Cell Type Signatures,7,M41648,TRAVAGLINI LUNG CLUB CELL,,-6.4,21,11,30286,114,75,6,8,3.1,6154|6160|6193|6201|8835|23231,RPL26|RPL31|RPS5|RPS7|SOCS2|SEL1L3,-2.4,Npas2
Cell Type Signatures,7,M39067,MANNO MIDBRAIN NEUROTYPES HDA,,-5.4,7.2,7,30286,506,75,9,12,3.8,1137|3800|5097|8507|8851|9951|24147|57468|252995,CHRNA4|KIF5C|PCDH1|ENC1|CDK5R1|HS3ST4|FJX1|SLC12A5|FNDC5,-1.6,Npas2
DisGeNET,35,C4048158,Convulsions,,-5.3,14,8.5,30286,173,75,6,8,3.1,1137|3737|5027|6324|8851|57468,CHRNA4|KCNA2|P2RX7|SCN1B|CDK5R1|SLC12A5,-1.6,Npas2
DisGeNET,35,C4505072,Epileptic Syndromes,,-5.3,35,12,30286,46,75,4,5.3,2.6,1137|5621|6324|57468,CHRNA4|PRNP|SCN1B|SLC12A5,-1.6,Npas2
Cell Type Signatures,7,M41752,RUBENSTEIN SKELETAL MUSCLE T CELLS,,-5.2,13,8.3,30286,181,75,6,8,3.1,6139|6154|6160|6193|6201|9592,RPL17|RPL26|RPL31|RPS5|RPS7|IER2,-1.6,Npas2
DisGeNET,35,C0040822,Tremor,,-5.2,6.9,6.8,30286,528,75,9,12,3.8,406|3737|3745|5621|6324|6506|8851|10846|54112,BMAL1|KCNA2|KCNB1|PRNP|SCN1B|SLC1A2|CDK5R1|PDE10A|GPR88,-1.6,Npas2
DisGeNET,35,C1535926,Neurodevelopmental Disorders,,-5.2,6.8,6.7,30286,534,75,9,12,3.8,406|811|1137|3737|3745|3800|4297|10846|57468,BMAL1|CALR|CHRNA4|KCNA2|KCNB1|KIF5C|KMT2A|PDE10A|SLC12A5,-1.6,Npas2
Cell Type Signatures,7,M39202,HAY BONE MARROW NAIVE T CELL,,-5.1,8,7.1,30286,403,75,8,11,3.6,3566|6139|6160|6193|6201|10125|10140|94103,IL4R|RPL17|RPL31|RPS5|RPS7|RASGRP1|TOB1|ORMDL3,-1.6,Npas2
DisGeNET,35,C2936719,Mechanical Allodynia,,-5.1,7.9,7,30286,408,75,8,11,3.6,406|3566|5027|6506|8851|9575|11334|57468,BMAL1|IL4R|P2RX7|SLC1A2|CDK5R1|CLOCK|TUSC2|SLC12A5,-1.6,Npas2
Cell Type Signatures,7,M40015,BUSSLINGER GASTRIC LYZ POSITIVE CELLS,,-5.1,18,9,30286,111,75,5,6.7,2.9,6139|6154|6160|6193|6201,RPL17|RPL26|RPL31|RPS5|RPS7,-1.6,Npas2
Cell Type Signatures,7,M41748,RUBENSTEIN SKELETAL MUSCLE SATELLITE CELLS,,-4.9,9.1,7.2,30286,310,75,7,9.3,3.4,6139|6154|6160|6193|6201|9592|10252,RPL17|RPL26|RPL31|RPS5|RPS7|IER2|SPRY1,-1.5,Npas2
Cell Type Signatures,7,M39174,MURARO PANCREAS ACINAR CELL,,-4.9,5.5,6.2,30286,731,75,10,13,3.9,6139|6154|6160|6193|6201|8507|9592|10140|23216|23231,RPL17|RPL26|RPL31|RPS5|RPS7|ENC1|IER2|TOB1|TBC1D1|SEL1L3,-1.5,Npas2
DisGeNET,35,C0017168,Gastroesophageal reflux disease,,-4.8,7.2,6.6,30286,446,75,8,11,3.6,811|3737|3745|4297|5027|6506|9575|55534,CALR|KCNA2|KCNB1|KMT2A|P2RX7|SLC1A2|CLOCK|MAML3,-1.5,Npas2
DisGeNET,35,C0233794,Memory impairment,,-4.7,5.3,6,30286,763,75,10,13,3.9,1137|4297|5621|6506|8851|9575|9759|56848|57468|252995,CHRNA4|KMT2A|PRNP|SLC1A2|CDK5R1|CLOCK|HDAC4|SPHK2|SLC12A5|FNDC5,-1.4,Npas2
DisGeNET,35,C0004936,Mental disorders,,-4.6,5.1,5.8,30286,789,75,10,13,3.9,811|1137|5027|6506|9575|9759|10846|54112|57468|114801,CALR|CHRNA4|P2RX7|SLC1A2|CLOCK|HDAC4|PDE10A|GPR88|SLC12A5|TMEM200A,-1.3,Npas2
DisGeNET,35,C1842581,Abnormal corpus callosum morphology,,-4.6,23,9.2,30286,70,75,4,5.3,2.6,3737|3745|4297|6506,KCNA2|KCNB1|KMT2A|SLC1A2,-1.3,Npas2
DisGeNET,35,C0014556,"Epilepsy, Temporal Lobe",,-4.5,8,6.6,30286,354,75,7,9.3,3.4,5027|5621|6324|6506|8482|10846|57468,P2RX7|PRNP|SCN1B|SLC1A2|SEMA7A|PDE10A|SLC12A5,-1.3,Npas2
DisGeNET,35,C0231686,"Gait, Unsteady",,-4.5,14,7.8,30286,143,75,5,6.7,2.9,3737|3745|5621|6506|10846,KCNA2|KCNB1|PRNP|SLC1A2|PDE10A,-1.3,Npas2
DisGeNET,35,C0851578,Sleep Disorders,,-4.5,7.9,6.5,30286,359,75,7,9.3,3.4,406|1137|4297|5027|5621|9575|9759,BMAL1|CHRNA4|KMT2A|P2RX7|PRNP|CLOCK|HDAC4,-1.3,Npas2
DisGeNET,35,C0270850,Idiopathic generalized epilepsy,,-4,17,7.8,30286,94,75,4,5.3,2.6,1137|6324|6506|57468,CHRNA4|SCN1B|SLC1A2|SLC12A5,-0.92,Npas2
DisGeNET,35,C0525045,Mood Disorders,,-4,5.6,5.5,30286,580,75,8,11,3.6,406|811|5027|5621|6506|9575|9759|57468,BMAL1|CALR|P2RX7|PRNP|SLC1A2|CLOCK|HDAC4|SLC12A5,-0.92,Npas2
DisGeNET,35,C0026838,Muscle Spasticity,,-4,5.6,5.5,30286,580,75,8,11,3.6,3737|3745|5621|5654|6324|6506|57468|84919,KCNA2|KCNB1|PRNP|HTRA1|SCN1B|SLC1A2|SLC12A5|PPP1R15B,-0.92,Npas2
DisGeNET,35,C0542476,Forgetful,,-4,6.6,5.8,30286,429,75,7,9.3,3.4,1137|4297|5621|8851|9575|9759|252995,CHRNA4|KMT2A|PRNP|CDK5R1|CLOCK|HDAC4|FNDC5,-0.92,Npas2
Cell Type Signatures,7,M39068,MANNO MIDBRAIN NEUROTYPES HDA1,,-4,5.5,5.5,30286,584,75,8,11,3.6,1137|3800|5097|8507|8851|9672|9951|57468,CHRNA4|KIF5C|PCDH1|ENC1|CDK5R1|SDC3|HS3ST4|SLC12A5,-0.91,Npas2
DisGeNET,35,C0543888,Epileptic encephalopathy,,-4,11,6.7,30286,187,75,5,6.7,2.9,3737|3745|6324|6506|57468,KCNA2|KCNB1|SCN1B|SLC1A2|SLC12A5,-0.91,Npas2
DisGeNET,35,C0007758,Cerebellar Ataxia,,-4,6.4,5.7,30286,440,75,7,9.3,3.4,1137|1203|3737|3745|3980|5621|146057,CHRNA4|CLN5|KCNA2|KCNB1|LIG3|PRNP|TTBK2,-0.91,Npas2
Cell Type Signatures,7,M39055,MANNO MIDBRAIN NEUROTYPES HRGL2A,,-3.9,5.4,5.4,30286,600,75,8,11,3.6,1301|5097|5654|6506|9592|9759|10252|23231,COL11A1|PCDH1|HTRA1|SLC1A2|IER2|HDAC4|SPRY1|SEL1L3,-0.91,Npas2
DisGeNET,35,C0037317,Sleep disturbances,,-3.9,7.8,6,30286,310,75,6,8,3.1,406|4297|5027|5621|9575|9759,BMAL1|KMT2A|P2RX7|PRNP|CLOCK|HDAC4,-0.91,Npas2
Cell Type Signatures,7,M40026,BUSSLINGER DUODENAL TRANSIT AMPLIFYING CELLS,,-3.9,10,6.5,30286,194,75,5,6.7,2.9,6139|6154|6193|6201|9592,RPL17|RPL26|RPS5|RPS7|IER2,-0.91,Npas2
Cell Type Signatures,7,M40024,BUSSLINGER DUODENAL STEM CELLS,,-3.9,7.8,6,30286,311,75,6,8,3.1,6154|6160|6193|6201|8507|9592,RPL26|RPL31|RPS5|RPS7|ENC1|IER2,-0.91,Npas2
DisGeNET,35,C0013384,Dyskinetic syndrome,,-3.9,7.7,5.9,30286,316,75,6,8,3.1,1137|3737|3745|6506|10846|54112,CHRNA4|KCNA2|KCNB1|SLC1A2|PDE10A|GPR88,-0.89,Npas2
DisGeNET,35,C0040997,Trigeminal Neuralgia,,-3.8,15,7.3,30286,106,75,4,5.3,2.6,811|5027|5621|8851,CALR|P2RX7|PRNP|CDK5R1,-0.89,Npas2
DisGeNET,35,C0007682,CNS disorder,,-3.8,7.6,5.9,30286,319,75,6,8,3.1,1137|5027|5621|10846|54112|57468,CHRNA4|P2RX7|PRNP|PDE10A|GPR88|SLC12A5,-0.89,Npas2
DisGeNET,35,C4023687,EEG with multifocal slow activity,,-3.8,30,9.1,30286,41,75,3,4,2.3,3737|3745|6506,KCNA2|KCNB1|SLC1A2,-0.89,Npas2
Cell Type Signatures,7,M41652,TRAVAGLINI LUNG PROXIMAL BASAL CELL,,-3.8,5.1,5.2,30286,629,75,8,11,3.6,5621|6139|6154|6160|6193|6201|10140|10252,PRNP|RPL17|RPL26|RPL31|RPS5|RPS7|TOB1|SPRY1,-0.85,Npas2
DisGeNET,35,C0085129,Bronchial Hyperreactivity,,-3.8,14,7.1,30286,112,75,4,5.3,2.6,3566|5097|55534|94103,IL4R|PCDH1|MAML3|ORMDL3,-0.85,Npas2
DisGeNET,35,C0085281,Addictive Behavior,,-3.8,7.3,5.7,30286,332,75,6,8,3.1,1137|3980|4297|6506|9575|54112,CHRNA4|LIG3|KMT2A|SLC1A2|CLOCK|GPR88,-0.85,Npas2
DisGeNET,35,C1836830,Developmental regression,,-3.7,7.3,5.7,30286,333,75,6,8,3.1,1203|3737|3745|6324|6506|57468,CLN5|KCNA2|KCNB1|SCN1B|SLC1A2|SLC12A5,-0.85,Npas2
DisGeNET,35,C4553743,"Spasticity, CTCAE",,-3.7,5.9,5.4,30286,477,75,7,9.3,3.4,3737|3745|5621|5654|6324|6506|84919,KCNA2|KCNB1|PRNP|HTRA1|SCN1B|SLC1A2|PPP1R15B,-0.85,Npas2
DisGeNET,35,C0576226,Short foot,,-3.7,14,6.9,30286,116,75,4,5.3,2.6,1301|4297|9759|126792,COL11A1|KMT2A|HDAC4|B3GALT6,-0.81,Npas2
DisGeNET,35,C0751494,Convulsive Seizures,,-3.7,14,6.9,30286,117,75,4,5.3,2.6,1137|3737|5621|57468,CHRNA4|KCNA2|PRNP|SLC12A5,-0.81,Npas2
DisGeNET,35,C0006111,Brain Diseases,,-3.7,7,5.6,30286,345,75,6,8,3.1,1203|5027|5621|6506|8851|9575,CLN5|P2RX7|PRNP|SLC1A2|CDK5R1|CLOCK,-0.8,Npas2
Cell Type Signatures,7,M40009,BUSSLINGER GASTRIC PPP1R1B POSITIVE CELLS,,-3.6,13,6.8,30286,121,75,4,5.3,2.6,6139|6154|6160|6193,RPL17|RPL26|RPL31|RPS5,-0.79,Npas2
Cell Type Signatures,7,M41668,TRAVAGLINI LUNG BRONCHIAL VESSEL 1 CELL,,-3.6,9,6,30286,224,75,5,6.7,2.9,6154|6160|6193|6201|10252,RPL26|RPL31|RPS5|RPS7|SPRY1,-0.79,Npas2
DisGeNET,35,C0234535,Clonic Seizures,,-3.6,13,6.7,30286,122,75,4,5.3,2.6,1137|3737|6506|57468,CHRNA4|KCNA2|SLC1A2|SLC12A5,-0.79,Npas2
Cell Type Signatures,7,M41747,RUBENSTEIN SKELETAL MUSCLE PCV ENDOTHELIAL CELLS,,-3.6,9,6,30286,225,75,5,6.7,2.9,6139|6154|6160|6193|6201,RPL17|RPL26|RPL31|RPS5|RPS7,-0.79,Npas2
DisGeNET,35,C1857704,Abnormal myelination,,-3.6,25,8.3,30286,49,75,3,4,2.3,3737|3745|6506,KCNA2|KCNB1|SLC1A2,-0.79,Npas2
DisGeNET,35,C0037773,"Spastic Paraplegia, Hereditary",,-3.6,13,6.7,30286,123,75,4,5.3,2.6,3737|3800|6506|85465,KCNA2|KIF5C|SLC1A2|SELENOI,-0.79,Npas2
DisGeNET,35,C0279530,Malignant Bone Neoplasm,,-3.6,13,6.7,30286,125,75,4,5.3,2.6,682|3737|5027|57468,BSG|KCNA2|P2RX7|SLC12A5,-0.78,Npas2
DisGeNET,35,C0035304,Retinal Degeneration,,-3.6,13,6.7,30286,125,75,4,5.3,2.6,1203|3737|3745|6506,CLN5|KCNA2|KCNB1|SLC1A2,-0.78,Npas2
Cell Type Signatures,7,M39251,MENON FETAL KIDNEY 1 EMBRYONIC RED BLOOD CELLS,,-3.6,13,6.6,30286,126,75,4,5.3,2.6,811|6154|6160|6201,CALR|RPL26|RPL31|RPS7,-0.78,Npas2
DisGeNET,35,C0026650,Movement Disorders,,-3.6,6.7,5.4,30286,362,75,6,8,3.1,1137|3737|4297|5621|10846|146057,CHRNA4|KCNA2|KMT2A|PRNP|PDE10A|TTBK2,-0.78,Npas2
DisGeNET,35,C0007785,Cerebral Infarction,,-3.5,4.7,4.9,30286,687,75,8,11,3.6,406|682|3566|4297|5621|5654|6506|57468,BMAL1|BSG|IL4R|KMT2A|PRNP|HTRA1|SLC1A2|SLC12A5,-0.76,Npas2
DisGeNET,35,C1848673,Hypoplastic feet,,-3.5,13,6.5,30286,129,75,4,5.3,2.6,1301|4297|9759|126792,COL11A1|KMT2A|HDAC4|B3GALT6,-0.76,Npas2
DisGeNET,35,C0155877,Allergic asthma,,-3.5,6.5,5.3,30286,371,75,6,8,3.1,406|3566|5097|6139|84206|94103,BMAL1|IL4R|PCDH1|RPL17|MEX3B|ORMDL3,-0.74,Npas2
Cell Type Signatures,7,M41684,TRAVAGLINI LUNG CD4 NAIVE T CELL,,-3.5,12,6.4,30286,132,75,4,5.3,2.6,6154|6160|6193|6201,RPL26|RPL31|RPS5|RPS7,-0.74,Npas2
Cell Type Signatures,7,M39070,MANNO MIDBRAIN NEUROTYPES HNBGABA,,-3.5,4.6,4.8,30286,703,75,8,11,3.6,1137|3800|6506|8507|8851|9672|57468|252995,CHRNA4|KIF5C|SLC1A2|ENC1|CDK5R1|SDC3|SLC12A5|FNDC5,-0.72,Npas2
DisGeNET,35,C0038220,Status Epilepticus,,-3.4,5.3,5,30286,533,75,7,9.3,3.4,3737|3745|5027|6506|8445|8851|57468,KCNA2|KCNB1|P2RX7|SLC1A2|DYRK2|CDK5R1|SLC12A5,-0.72,Npas2
DisGeNET,35,C0751785,Unverricht-Lundborg Syndrome,,-3.4,22,7.7,30286,56,75,3,4,2.3,1137|5621|8851,CHRNA4|PRNP|CDK5R1,-0.72,Npas2
DisGeNET,35,C1839333,"EPILEPTIC ENCEPHALOPATHY, EARLY INFANTILE, 2",,-3.4,22,7.7,30286,56,75,3,4,2.3,6324|9759|57468,SCN1B|HDAC4|SLC12A5,-0.72,Npas2
DisGeNET,35,C0149958,Complex partial seizures,,-3.4,12,6.2,30286,140,75,4,5.3,2.6,1137|3737|6324|57468,CHRNA4|KCNA2|SCN1B|SLC12A5,-0.68,Npas2
DisGeNET,35,C0270846,Epileptic drop attack,,-3.4,11,6.1,30286,143,75,4,5.3,2.6,1137|3737|6324|57468,CHRNA4|KCNA2|SCN1B|SLC12A5,-0.66,Npas2
Cell Type Signatures,7,M41702,FAN OVARY CL0 XBP1 SELK HIGH STROMAL CELL,,-3.4,11,6.1,30286,143,75,4,5.3,2.6,6139|6154|6160|6193,RPL17|RPL26|RPL31|RPS5,-0.66,Npas2
DisGeNET,35,C0003811,Cardiac Arrhythmia,,-3.3,5.1,4.8,30286,559,75,7,9.3,3.4,406|811|5027|6154|6201|6324|11334,BMAL1|CALR|P2RX7|RPL26|RPS7|SCN1B|TUSC2,-0.64,Npas2
DisGeNET,35,C0033975,Psychotic Disorders,,-3.3,5,4.8,30286,560,75,7,9.3,3.4,406|811|1137|5621|6506|10846|11334,BMAL1|CALR|CHRNA4|PRNP|SLC1A2|PDE10A|TUSC2,-0.64,Npas2
DisGeNET,35,C2826323,Refractory Cytopenia of Childhood,,-3.3,7.6,5.4,30286,264,75,5,6.7,2.9,682|811|1301|4297|6139,BSG|CALR|COL11A1|KMT2A|RPL17,-0.63,Npas2
DisGeNET,35,C0027066,Myoclonus,,-3.3,7.6,5.4,30286,264,75,5,6.7,2.9,1203|3737|3745|5621|6506,CLN5|KCNA2|KCNB1|PRNP|SLC1A2,-0.63,Npas2
DisGeNET,35,C0038436,Post-Traumatic Stress Disorder,,-3.2,5.8,4.9,30286,417,75,6,8,3.1,811|1137|5027|9575|9759|11334,CALR|CHRNA4|P2RX7|CLOCK|HDAC4|TUSC2,-0.57,Npas2
DisGeNET,35,C0027796,Neuralgia,,-3.2,4.2,4.5,30286,766,75,8,11,3.6,1137|3566|3737|3787|5027|6506|9759|57468,CHRNA4|IL4R|KCNA2|KCNS1|P2RX7|SLC1A2|HDAC4|SLC12A5,-0.56,Npas2
DisGeNET,35,C0278996,Malignant Head and Neck Neoplasm,,-3.2,4.2,4.5,30286,767,75,8,11,3.6,682|811|3566|4297|5027|9575|9759|24147,BSG|CALR|IL4R|KMT2A|P2RX7|CLOCK|HDAC4|FJX1,-0.56,Npas2
DisGeNET,35,C3496069,cocaine use,,-3.2,18,7,30286,67,75,3,4,2.3,6506|9575|10846,SLC1A2|CLOCK|PDE10A,-0.56,Npas2
DisGeNET,35,C0947785,[D]Sleep disturbances (& [hypersomnia] or [insomnia]),,-3.2,18,6.9,30286,68,75,3,4,2.3,406|5027|9575,BMAL1|P2RX7|CLOCK,-0.55,Npas2
DisGeNET,35,C0917799,Hypersomnia,,-3.1,17,6.8,30286,70,75,3,4,2.3,5621|6506|9575,PRNP|SLC1A2|CLOCK,-0.52,Npas2
DisGeNET,35,C3887461,Head and Neck Carcinoma,,-3.1,4.1,4.4,30286,786,75,8,11,3.6,682|811|3566|4297|5027|9575|9759|24147,BSG|CALR|IL4R|KMT2A|P2RX7|CLOCK|HDAC4|FJX1,-0.52,Npas2
DisGeNET,35,C1968949,Cakut,,-3.1,17,6.7,30286,72,75,3,4,2.3,1301|10252|23216,COL11A1|SPRY1|TBC1D1,-0.5,Npas2
Cell Type Signatures,7,M39054,MANNO MIDBRAIN NEUROTYPES HRGL2B,,-3.1,5.5,4.7,30286,440,75,6,8,3.1,1301|5097|6506|9672|9759|23231,COL11A1|PCDH1|SLC1A2|SDC3|HDAC4|SEL1L3,-0.49,Npas2
DisGeNET,35,C0008925,Cleft Palate,,-3.1,4.6,4.5,30286,611,75,7,9.3,3.4,1301|4297|6154|6201|9759|85465|126792,COL11A1|KMT2A|RPL26|RPS7|HDAC4|SELENOI|B3GALT6,-0.49,Npas2
DisGeNET,35,C4086152,Childhood Astrocytoma,,-3.1,4.6,4.5,30286,615,75,7,9.3,3.4,682|3566|5027|5621|6506|8851|56848,BSG|IL4R|P2RX7|PRNP|SLC1A2|CDK5R1|SPHK2,-0.48,Npas2
DisGeNET,35,C0270853,Juvenile Myoclonic Epilepsy,,-3.1,16,6.6,30286,74,75,3,4,2.3,1137|9575|57468,CHRNA4|CLOCK|SLC12A5,-0.48,Npas2
COVID,200,COVID010,RNA_Blanco-Melo_A549-ACE2_Up,,-3,6.7,5,30286,300,75,5,6.7,2.9,1850|9592|10140|10252|84919,DUSP8|IER2|TOB1|SPRY1|PPP1R15B,-0.45,Npas2
DisGeNET,35,C0917801,Sleeplessness,,-3,9.3,5.5,30286,174,75,4,5.3,2.6,406|5621|8851|9575,BMAL1|PRNP|CDK5R1|CLOCK,-0.45,Npas2
DisGeNET,35,C1838391,Limb hypertonia,,-3,16,6.4,30286,77,75,3,4,2.3,3737|3745|6506,KCNA2|KCNB1|SLC1A2,-0.45,Npas2
DisGeNET,35,C0085584,Encephalopathies,,-3,5.3,4.6,30286,457,75,6,8,3.1,1203|3737|3745|5621|6506|8851,CLN5|KCNA2|KCNB1|PRNP|SLC1A2|CDK5R1,-0.44,Npas2
Cell Type Signatures,7,M40025,BUSSLINGER DUODENAL DIFFERENTIATING STEM CELLS,,-3,6.6,4.9,30286,305,75,5,6.7,2.9,6139|6154|6160|6193|6201,RPL17|RPL26|RPL31|RPS5|RPS7,-0.44,Npas2
DisGeNET,35,C0011884,Diabetic Retinopathy,,-3,4.4,4.3,30286,644,75,7,9.3,3.4,682|5027|5621|5654|9575|80274|130399,BSG|P2RX7|PRNP|HTRA1|CLOCK|SCUBE1|ACVR1C,-0.4,Npas2
DisGeNET,35,C0752308,"Hypoxia-Ischemia, Brain",,-3,15,6.3,30286,81,75,3,4,2.3,406|8851|9575,BMAL1|CDK5R1|CLOCK,-0.4,Npas2
DisGeNET,35,C0085207,Gestational Diabetes,,-2.9,4.4,4.3,30286,649,75,7,9.3,3.4,406|3745|8851|9575|9759|80274|252995,BMAL1|KCNB1|CDK5R1|CLOCK|HDAC4|SCUBE1|FNDC5,-0.39,Npas2
DisGeNET,35,C1853241,Flat face,,-2.9,15,6.2,30286,83,75,3,4,2.3,1301|4297|126792,COL11A1|KMT2A|B3GALT6,-0.38,Npas2
DisGeNET,35,C0026847,Spinal Muscular Atrophy,,-2.9,6.3,4.8,30286,320,75,5,6.7,2.9,811|8835|8851|9575|9759,CALR|SOCS2|CDK5R1|CLOCK|HDAC4,-0.38,Npas2
DisGeNET,35,C0026837,Muscle Rigidity,,-2.9,6.3,4.8,30286,320,75,5,6.7,2.9,3737|3745|5621|5654|6506,KCNA2|KCNB1|PRNP|HTRA1|SLC1A2,-0.38,Npas2
DisGeNET,35,C1260899,"Anemia, Diamond-Blackfan",,-2.9,14,6.1,30286,85,75,3,4,2.3,6154|6160|6201,RPL26|RPL31|RPS7,-0.37,Npas2
Cell Type Signatures,7,M39074,ZHONG PFC MAJOR TYPES ASTROCYTES,,-2.9,6.2,4.7,30286,325,75,5,6.7,2.9,406|5654|6506|9672|10252,BMAL1|HTRA1|SLC1A2|SDC3|SPRY1,-0.36,Npas2
DisGeNET,35,C0009952,Febrile Convulsions,,-2.9,8.4,5.1,30286,192,75,4,5.3,2.6,1137|5027|6324|57468,CHRNA4|P2RX7|SCN1B|SLC12A5,-0.35,Npas2
DisGeNET,35,C0239479,Round face,,-2.9,14,6,30286,88,75,3,4,2.3,1301|4297|9759,COL11A1|KMT2A|HDAC4,-0.34,Npas2
DisGeNET,35,C0034012,Delayed Puberty,,-2.8,8.2,5.1,30286,196,75,4,5.3,2.6,4297|6154|6201|84919,KMT2A|RPL26|RPS7|PPP1R15B,-0.32,Npas2
DisGeNET,35,C0699949,airway disease,,-2.8,8.2,5,30286,198,75,4,5.3,2.6,406|3566|9575|94103,BMAL1|IL4R|CLOCK|ORMDL3,-0.31,Npas2
DisGeNET,35,C0600427,Cocaine Dependence,,-2.8,8.1,5,30286,199,75,4,5.3,2.6,6506|9575|9679|9759,SLC1A2|CLOCK|FAM53B|HDAC4,-0.31,Npas2
DisGeNET,35,C4721773,Postoperative cognitive dysfunction,,-2.8,13,5.8,30286,93,75,3,4,2.3,1137|9575|252995,CHRNA4|CLOCK|FNDC5,-0.29,Npas2
DisGeNET,35,C0428883,Diastolic blood pressure,,-2.8,4.8,4.3,30286,507,75,6,8,3.1,406|3745|9759|10846|55534|140775,BMAL1|KCNB1|HDAC4|PDE10A|MAML3|SMCR8,-0.29,Npas2
DisGeNET,35,C4316903,Absence Seizures,,-2.8,7.9,4.9,30286,204,75,4,5.3,2.6,1137|3737|6324|57468,CHRNA4|KCNA2|SCN1B|SLC12A5,-0.28,Npas2
DisGeNET,35,C0027659,"Neoplasms, Experimental",,-2.8,13,5.7,30286,95,75,3,4,2.3,682|5621|10140,BSG|PRNP|TOB1,-0.27,Npas2
DisGeNET,35,C0150055,Chronic pain,,-2.8,7.8,4.9,30286,207,75,4,5.3,2.6,3737|3787|5027|57468,KCNA2|KCNS1|P2RX7|SLC12A5,-0.27,Npas2
DisGeNET,35,C0234533,Generalized seizures,,-2.7,7.7,4.8,30286,210,75,4,5.3,2.6,1137|3737|3745|57468,CHRNA4|KCNA2|KCNB1|SLC12A5,-0.25,Npas2
Cell Type Signatures,7,M41704,FAN OVARY CL2 PUTATIVE EARLY ATRETIC FOLLICLE THECAL CELL 1,,-2.7,12,5.6,30286,98,75,3,4,2.3,6139|6154|6160,RPL17|RPL26|RPL31,-0.25,Npas2
DisGeNET,35,C0239676,High forehead,,-2.7,7.7,4.8,30286,211,75,4,5.3,2.6,3737|3745|4297|6506,KCNA2|KCNB1|KMT2A|SLC1A2,-0.25,Npas2
DisGeNET,35,C0011311,Dengue Fever,,-2.7,5.6,4.4,30286,360,75,5,6.7,2.9,406|3566|5027|5621|56848,BMAL1|IL4R|P2RX7|PRNP|SPHK2,-0.25,Npas2
DisGeNET,35,C0751123,Atonic Absence Seizures,,-2.7,12,5.5,30286,102,75,3,4,2.3,1137|3737|57468,CHRNA4|KCNA2|SLC12A5,-0.25,Npas2
DisGeNET,35,C0422855,Vertiginous seizure,,-2.7,12,5.5,30286,102,75,3,4,2.3,1137|3737|57468,CHRNA4|KCNA2|SLC12A5,-0.25,Npas2
DisGeNET,35,C0422850,"Seizures, Somatosensory",,-2.7,12,5.5,30286,102,75,3,4,2.3,1137|3737|57468,CHRNA4|KCNA2|SLC12A5,-0.25,Npas2
DisGeNET,35,C0422854,Gustatory seizure,,-2.7,12,5.5,30286,102,75,3,4,2.3,1137|3737|57468,CHRNA4|KCNA2|SLC12A5,-0.25,Npas2
DisGeNET,35,C0751110,Single Seizure,,-2.7,12,5.5,30286,102,75,3,4,2.3,1137|3737|57468,CHRNA4|KCNA2|SLC12A5,-0.25,Npas2
DisGeNET,35,C0422852,"Seizures, Auditory",,-2.7,12,5.5,30286,102,75,3,4,2.3,1137|3737|57468,CHRNA4|KCNA2|SLC12A5,-0.25,Npas2
DisGeNET,35,C0751056,Non-epileptic convulsion,,-2.7,12,5.5,30286,102,75,3,4,2.3,1137|3737|57468,CHRNA4|KCNA2|SLC12A5,-0.25,Npas2
DisGeNET,35,C0422853,Olfactory seizure,,-2.7,12,5.5,30286,102,75,3,4,2.3,1137|3737|57468,CHRNA4|KCNA2|SLC12A5,-0.25,Npas2
DisGeNET,35,C0022333,Jacksonian Seizure,,-2.7,12,5.5,30286,102,75,3,4,2.3,1137|3737|57468,CHRNA4|KCNA2|SLC12A5,-0.25,Npas2
DisGeNET,35,C0751496,"Seizures, Sensory",,-2.7,12,5.5,30286,102,75,3,4,2.3,1137|3737|57468,CHRNA4|KCNA2|SLC12A5,-0.25,Npas2
DisGeNET,35,C4505436,Generalized Absence Seizures,,-2.7,12,5.5,30286,102,75,3,4,2.3,1137|3737|57468,CHRNA4|KCNA2|SLC12A5,-0.25,Npas2
DisGeNET,35,C3495874,Nonepileptic Seizures,,-2.7,12,5.5,30286,102,75,3,4,2.3,1137|3737|57468,CHRNA4|KCNA2|SLC12A5,-0.25,Npas2
DisGeNET,35,C0020608,Hypodontia,,-2.7,7.4,4.7,30286,218,75,4,5.3,2.6,3737|3745|6506|84919,KCNA2|KCNB1|SLC1A2|PPP1R15B,-0.25,Npas2
DisGeNET,35,C1562113,Fleck corneal dystrophy,,-2.7,12,5.5,30286,103,75,3,4,2.3,5027|8851|57468,P2RX7|CDK5R1|SLC12A5,-0.25,Npas2
DisGeNET,35,C0025995,Micromelia,,-2.7,12,5.4,30286,104,75,3,4,2.3,1301|4297|126792,COL11A1|KMT2A|B3GALT6,-0.24,Npas2
DisGeNET,35,C0006012,Borderline Personality Disorder,,-2.7,7.3,4.7,30286,221,75,4,5.3,2.6,5027|6506|9575|10846,P2RX7|SLC1A2|CLOCK|PDE10A,-0.24,Npas2
DisGeNET,35,C0311394,Difficulty walking,,-2.6,7.2,4.6,30286,224,75,4,5.3,2.6,3737|3745|6506|146057,KCNA2|KCNB1|SLC1A2|TTBK2,-0.22,Npas2
DisGeNET,35,C0349204,Nonorganic psychosis,,-2.6,5.4,4.2,30286,376,75,5,6.7,2.9,406|811|1137|5621|10846,BMAL1|CALR|CHRNA4|PRNP|PDE10A,-0.21,Npas2
DisGeNET,35,C0575802,Small hand,,-2.6,11,5.3,30286,108,75,3,4,2.3,1301|4297|9759,COL11A1|KMT2A|HDAC4,-0.21,Npas2
DisGeNET,35,C0270844,Tonic Seizures,,-2.6,11,5.3,30286,108,75,3,4,2.3,1137|3737|57468,CHRNA4|KCNA2|SLC12A5,-0.21,Npas2
DisGeNET,35,C1843108,Short palm,,-2.6,11,5.2,30286,110,75,3,4,2.3,1301|9759|126792,COL11A1|HDAC4|B3GALT6,-0.19,Npas2
DisGeNET,35,C1854882,Absent speech,,-2.6,7,4.5,30286,232,75,4,5.3,2.6,3737|3745|3800|6506,KCNA2|KCNB1|KIF5C|SLC1A2,-0.18,Npas2
DisGeNET,35,C0151744,Myocardial Ischemia,,-2.6,3.7,3.8,30286,756,75,7,9.3,3.4,406|811|1137|4297|5027|6139|9759,BMAL1|CALR|CHRNA4|KMT2A|P2RX7|RPL17|HDAC4,-0.18,Npas2
DisGeNET,35,C0202236,Triglycerides measurement,,-2.6,4.3,3.9,30286,563,75,6,8,3.1,406|1301|9575|23216|55534|146057,BMAL1|COL11A1|CLOCK|TBC1D1|MAML3|TTBK2,-0.18,Npas2
DisGeNET,35,C0423110,Downward slant of palpebral fissure,,-2.5,5.2,4.1,30286,391,75,5,6.7,2.9,1301|3737|3745|4297|6506,COL11A1|KCNA2|KCNB1|KMT2A|SLC1A2,-0.16,Npas2
DisGeNET,35,C0151650,Renal fibrosis,,-2.5,4.3,3.9,30286,570,75,6,8,3.1,682|811|3566|8482|9759|56848,BSG|CALR|IL4R|SEMA7A|HDAC4|SPHK2,-0.16,Npas2
DisGeNET,35,C0001973,"Alcoholic Intoxication, Chronic",,-2.5,4.2,3.9,30286,577,75,6,8,3.1,406|1137|1850|6506|9575|10846,BMAL1|CHRNA4|DUSP8|SLC1A2|CLOCK|PDE10A,-0.14,Npas2
DisGeNET,35,C4554036,"Nystagmus, CTCAE 5.0",,-2.5,3.6,3.7,30286,779,75,7,9.3,3.4,1301|3737|3745|4297|5621|6506|146057,COL11A1|KCNA2|KCNB1|KMT2A|PRNP|SLC1A2|TTBK2,-0.13,Npas2
DisGeNET,35,C1963184,"Nystagmus, CTCAE 3.0",,-2.5,3.6,3.7,30286,779,75,7,9.3,3.4,1301|3737|3745|4297|5621|6506|146057,COL11A1|KCNA2|KCNB1|KMT2A|PRNP|SLC1A2|TTBK2,-0.13,Npas2
DisGeNET,35,C0232197,Fibrillation,,-2.5,10,5,30286,118,75,3,4,2.3,811|5621|9672,CALR|PRNP|SDC3,-0.13,Npas2
DisGeNET,35,C0949664,Tauopathies,,-2.5,6.6,4.4,30286,245,75,4,5.3,2.6,406|5621|9575|146057,BMAL1|PRNP|CLOCK|TTBK2,-0.13,Npas2
DisGeNET,35,C4317109,Epileptic Seizures,,-2.5,6.5,4.3,30286,250,75,4,5.3,2.6,1137|3737|6506|57468,CHRNA4|KCNA2|SLC1A2|SLC12A5,-0.099,Npas2
DisGeNET,35,C4317123,Myoclonic Seizures,,-2.4,9.8,4.9,30286,123,75,3,4,2.3,1137|3737|57468,CHRNA4|KCNA2|SLC12A5,-0.092,Npas2
DisGeNET,35,C0030232,Pallor,,-2.4,9.8,4.9,30286,124,75,3,4,2.3,811|6154|6201,CALR|RPL26|RPS7,-0.085,Npas2
DisGeNET,35,C4025846,Abnormality of vision,,-2.4,9.5,4.8,30286,127,75,3,4,2.3,3737|3745|6506,KCNA2|KCNB1|SLC1A2,-0.059,Npas2
DisGeNET,35,C0812413,Malignant Pleural Mesothelioma,,-2.4,4.8,3.9,30286,421,75,5,6.7,2.9,406|1137|9575|11334|56848,BMAL1|CHRNA4|CLOCK|TUSC2|SPHK2,-0.057,Npas2
DisGeNET,35,C0006287,Bronchopulmonary Dysplasia,,-2.4,4.8,3.9,30286,423,75,5,6.7,2.9,4297|5027|6506|9575|10846,KMT2A|P2RX7|SLC1A2|CLOCK|PDE10A,-0.052,Npas2
DisGeNET,35,C0003578,Apnea,,-2.4,6.2,4.2,30286,261,75,4,5.3,2.6,5621|8851|11334|57468,PRNP|CDK5R1|TUSC2|SLC12A5,-0.051,Npas2
DisGeNET,35,C1854114,Short nose,,-2.4,6.1,4.2,30286,265,75,4,5.3,2.6,1301|4297|6154|6201,COL11A1|KMT2A|RPL26|RPS7,-0.031,Npas2
DisGeNET,35,C1827849,IgE-mediated allergic asthma,,-2.4,9.1,4.7,30286,133,75,3,4,2.3,3566|5097|94103,IL4R|PCDH1|ORMDL3,-0.018,Npas2
DisGeNET,35,C1998028,Photoreceptor degeneration,,-2.3,8.9,4.6,30286,136,75,3,4,2.3,1203|5027|9575,CLN5|P2RX7|CLOCK,0,Npas2
DisGeNET,35,C0231341,Premature aging syndrome,,-2.3,8.9,4.6,30286,136,75,3,4,2.3,406|9575|11334,BMAL1|CLOCK|TUSC2,0,Npas2
DisGeNET,35,C4024896,Motor neuron atrophy,,-2.3,8.8,4.6,30286,138,75,3,4,2.3,5621|6506|11334,PRNP|SLC1A2|TUSC2,0,Npas2
DisGeNET,35,C0021125,Impulsive Behavior,,-2.3,5.9,4,30286,276,75,4,5.3,2.6,1137|3737|3745|6506,CHRNA4|KCNA2|KCNB1|SLC1A2,0,Npas2
DisGeNET,35,C0085669,Acute leukemia,,-2.3,3.8,3.6,30286,639,75,6,8,3.1,811|4297|6154|6201|8835|9575,CALR|KMT2A|RPL26|RPS7|SOCS2|CLOCK,0,Npas2
COVID,200,COVID023,RNA_Keller_B-cells-Infected_CD21pos_Down,,-2.3,5.8,4,30286,278,75,4,5.3,2.6,8482|9672|10125|124222,SEMA7A|SDC3|RASGRP1|PAQR4,0,Npas2
DisGeNET,35,C0038644,Sudden infant death syndrome,,-2.3,8.7,4.5,30286,140,75,3,4,2.3,1137|5621|6324,CHRNA4|PRNP|SCN1B,0,Npas2
DisGeNET,35,C0041696,Unipolar Depression,,-2.3,3.8,3.5,30286,641,75,6,8,3.1,1137|4297|5027|5621|6506|9575,CHRNA4|KMT2A|P2RX7|PRNP|SLC1A2|CLOCK,0,Npas2
Cell Type Signatures,7,M39072,MANNO MIDBRAIN NEUROTYPES HSERT,,-2.3,4.5,3.7,30286,450,75,5,6.7,2.9,1137|3800|8851|9951|57468,CHRNA4|KIF5C|CDK5R1|HS3ST4|SLC12A5,0,Npas2
DisGeNET,35,C1961099,Precursor T-Cell Lymphoblastic Leukemia-Lymphoma,,-2.3,3.8,3.5,30286,644,75,6,8,3.1,811|1137|4297|6506|9759|10125,CALR|CHRNA4|KMT2A|SLC1A2|HDAC4|RASGRP1,0,Npas2
DisGeNET,35,C0021053,Immune System Diseases,,-2.3,4.5,3.7,30286,451,75,5,6.7,2.9,682|811|5027|6139|94103,BSG|CALR|P2RX7|RPL17|ORMDL3,0,Npas2
DisGeNET,35,C0020429,Hyperalgesia,,-2.3,4.5,3.7,30286,451,75,5,6.7,2.9,5027|6506|8851|9759|57468,P2RX7|SLC1A2|CDK5R1|HDAC4|SLC12A5,0,Npas2
DisGeNET,35,C0235946,Cerebral atrophy,,-2.3,4.4,3.7,30286,454,75,5,6.7,2.9,1203|3737|3745|6506|57468,CLN5|KCNA2|KCNB1|SLC1A2|SLC12A5,0,Npas2
PaGenBase,36,PGB:00065,Cell-specific: DRG,,-2.3,4.4,3.7,30286,455,75,5,6.7,2.9,1301|1850|3745|3800|4297,COL11A1|DUSP8|KCNB1|KIF5C|KMT2A,0,Npas2
DisGeNET,35,C0009171,Cocaine Abuse,,-2.3,8.4,4.4,30286,144,75,3,4,2.3,1137|6506|9759,CHRNA4|SLC1A2|HDAC4,0,Npas2
DisGeNET,35,C0023492,"Leukemia, T-Cell",,-2.3,4.4,3.7,30286,457,75,5,6.7,2.9,3566|4297|6139|8851|10125,IL4R|KMT2A|RPL17|CDK5R1|RASGRP1,0,Npas2
DisGeNET,35,C1839739,Thick lower lip vermilion,,-2.2,8.4,4.4,30286,145,75,3,4,2.3,1301|6154|6201,COL11A1|RPL26|RPS7,0,Npas2
DisGeNET,35,C0521525,Short neck,,-2.2,5.6,3.9,30286,288,75,4,5.3,2.6,1301|4297|9759|126792,COL11A1|KMT2A|HDAC4|B3GALT6,0,Npas2
DisGeNET,35,C0019158,Hepatitis,,-2.2,3.7,3.5,30286,656,75,6,8,3.1,682|811|3566|5027|9575|10125,BSG|CALR|IL4R|P2RX7|CLOCK|RASGRP1,0,Npas2
DisGeNET,35,C4721532,"Lymphoma, Non-Hodgkin, Familial",,-2.2,4.4,3.6,30286,462,75,5,6.7,2.9,4297|5027|8445|8851|9575,KMT2A|P2RX7|DYRK2|CDK5R1|CLOCK,0,Npas2
DisGeNET,35,C4021790,Abnormality of the skeletal system,,-2.2,8.2,4.4,30286,148,75,3,4,2.3,811|9759|126792,CALR|HDAC4|B3GALT6,0,Npas2
Cell Type Signatures,7,M39066,MANNO MIDBRAIN NEUROTYPES HNBML5,,-2.2,4.3,3.6,30286,465,75,5,6.7,2.9,3800|8507|8851|9951|57468,KIF5C|ENC1|CDK5R1|HS3ST4|SLC12A5,0,Npas2
DisGeNET,35,C0600033,Acquired Kyphoscoliosis,,-2.2,8.1,4.3,30286,149,75,3,4,2.3,6506|84919|126792,SLC1A2|PPP1R15B|B3GALT6,0,Npas2
DisGeNET,35,C0206682,Follicular thyroid carcinoma,,-2.2,5.5,3.9,30286,293,75,4,5.3,2.6,406|682|5654|8851,BMAL1|BSG|HTRA1|CDK5R1,0,Npas2
DisGeNET,35,C0042384,Vasculitis,,-2.2,5.5,3.9,30286,294,75,4,5.3,2.6,811|6139|6160|10125,CALR|RPL17|RPL31|RASGRP1,0,Npas2
DisGeNET,35,C0345392,Congenital kyphoscoliosis,,-2.2,8,4.3,30286,151,75,3,4,2.3,6506|84919|126792,SLC1A2|PPP1R15B|B3GALT6,0,Npas2
DisGeNET,35,C0684276,Hypsarrhythmia,,-2.2,8,4.3,30286,152,75,3,4,2.3,3737|3745|6506,KCNA2|KCNB1|SLC1A2,0,Npas2
COVID,200,COVID243,RNA_Riva_Vero-E6_24h_Up,,-2.2,5.4,3.8,30286,300,75,4,5.3,2.6,1850|8482|9592|84919,DUSP8|SEMA7A|IER2|PPP1R15B,0,Npas2
COVID,200,COVID036,RNA_Sun_Calu-3_0h_Up,,-2.2,5.4,3.8,30286,300,75,4,5.3,2.6,3566|8482|10125|84919,IL4R|SEMA7A|RASGRP1|PPP1R15B,0,Npas2
COVID,200,COVID005,RNA_Appelberg_Huh-7_72h_Down,,-2.2,5.4,3.8,30286,300,75,4,5.3,2.6,9672|9679|56848|124222,SDC3|FAM53B|SPHK2|PAQR4,0,Npas2
COVID,200,COVID039,RNA_Sun_Calu-3_24h_Down,,-2.2,5.4,3.8,30286,300,75,4,5.3,2.6,811|6160|6201|23231,CALR|RPL31|RPS7|SEL1L3,0,Npas2
DisGeNET,35,C0494475,Tonic - clonic seizures,,-2.2,5.4,3.8,30286,300,75,4,5.3,2.6,1137|3737|6324|57468,CHRNA4|KCNA2|SCN1B|SLC12A5,0,Npas2
DisGeNET,35,C0031099,Periodontitis,,-2.2,3.6,3.4,30286,679,75,6,8,3.1,682|811|3566|5027|8851|9672,BSG|CALR|IL4R|P2RX7|CDK5R1|SDC3,0,Npas2
DisGeNET,35,C0234132,Pyramidal sign,,-2.2,7.8,4.2,30286,155,75,3,4,2.3,6324|57468|146057,SCN1B|SLC12A5|TTBK2,0,Npas2
DisGeNET,35,C0575158,Kyphoscoliosis deformity of spine,,-2.2,7.8,4.2,30286,155,75,3,4,2.3,6506|84919|126792,SLC1A2|PPP1R15B|B3GALT6,0,Npas2
Cell Type Signatures,7,M41680,TRAVAGLINI LUNG B CELL,,-2.2,7.8,4.2,30286,155,75,3,4,2.3,3566|6193|23231,IL4R|RPS5|SEL1L3,0,Npas2
DisGeNET,35,C0079772,T-Cell Lymphoma,,-2.1,4.2,3.5,30286,485,75,5,6.7,2.9,811|4297|5621|6139|10125,CALR|KMT2A|PRNP|RPL17|RASGRP1,0,Npas2
DisGeNET,35,C0042373,Vascular Diseases,,-2.1,3.5,3.3,30286,688,75,6,8,3.1,811|5027|5654|8835|9759|56848,CALR|P2RX7|HTRA1|SOCS2|HDAC4|SPHK2,0,Npas2
DisGeNET,35,C0013362,Dysarthria,,-2.1,4.1,3.5,30286,487,75,5,6.7,2.9,5621|5654|10846|84919|146057,PRNP|HTRA1|PDE10A|PPP1R15B|TTBK2,0,Npas2
DisGeNET,35,C1970943,MAJOR AFFECTIVE DISORDER 4,,-2.1,7.6,4.2,30286,160,75,3,4,2.3,406|5027|9575,BMAL1|P2RX7|CLOCK,0,Npas2
DisGeNET,35,C1970945,MAJOR AFFECTIVE DISORDER 6,,-2.1,7.6,4.2,30286,160,75,3,4,2.3,406|5027|9575,BMAL1|P2RX7|CLOCK,0,Npas2
DisGeNET,35,C0027092,Myopia,,-2.1,4.1,3.5,30286,490,75,5,6.7,2.9,406|1301|4297|5654|126792,BMAL1|COL11A1|KMT2A|HTRA1|B3GALT6,0,Npas2
DisGeNET,35,C0002726,Amyloidosis,,-2.1,3.5,3.3,30286,694,75,6,8,3.1,682|1137|5027|5621|5654|8851,BSG|CHRNA4|P2RX7|PRNP|HTRA1|CDK5R1,0,Npas2
DisGeNET,35,C1852197,MAJOR AFFECTIVE DISORDER 1,,-2.1,7.5,4.1,30286,161,75,3,4,2.3,406|5027|9575,BMAL1|P2RX7|CLOCK,0,Npas2
DisGeNET,35,C3714636,Pneumonitis,,-2.1,3.5,3.3,30286,696,75,6,8,3.1,811|1137|8482|8835|9575|56848,CALR|CHRNA4|SEMA7A|SOCS2|CLOCK|SPHK2,0,Npas2
DisGeNET,35,C1836038,Poor head control,,-2.1,7.5,4.1,30286,162,75,3,4,2.3,3737|3745|6506,KCNA2|KCNB1|SLC1A2,0,Npas2
Cell Type Signatures,7,M39107,AIZARANI LIVER C3 NK NKT CELLS 2,,-2.1,7.5,4.1,30286,162,75,3,4,2.3,6139|10123|10125,RPL17|ARL4C|RASGRP1,0,Npas2
DisGeNET,35,C0027746,Nerve Degeneration,,-2.1,7.3,4.1,30286,165,75,3,4,2.3,5621|6506|8851,PRNP|SLC1A2|CDK5R1,0,Npas2
DisGeNET,35,C0338831,Manic,,-2.1,7.3,4.1,30286,166,75,3,4,2.3,406|5027|9575,BMAL1|P2RX7|CLOCK,0,Npas2
DisGeNET,35,C0008489,Chorea,,-2.1,7.2,4,30286,168,75,3,4,2.3,5621|10846|54112,PRNP|PDE10A|GPR88,0,Npas2
DisGeNET,35,C0035309,Retinal Diseases,,-2.1,3.4,3.2,30286,714,75,6,8,3.1,682|811|1137|1301|5027|56848,BSG|CALR|CHRNA4|COL11A1|P2RX7|SPHK2,0,Npas2
DisGeNET,35,C1292753,Primary Effusion Lymphoma,,-2.1,7.2,4,30286,169,75,3,4,2.3,682|811|56848,BSG|CALR|SPHK2,0,Npas2
DisGeNET,35,C0235659,Reduced fetal movement,,-2.1,7.2,4,30286,169,75,3,4,2.3,3737|3745|6506,KCNA2|KCNB1|SLC1A2,0,Npas2
Cell Type Signatures,7,M40134,DESCARTES MAIN FETAL TROPHOBLAST GIANT CELLS,,-2.1,7.2,4,30286,169,75,3,4,2.3,5097|8482|84919,PCDH1|SEMA7A|PPP1R15B,0,Npas2
DisGeNET,35,C0014457,Eosinophilia,,-2.1,5,3.6,30286,325,75,4,5.3,2.6,3566|4297|10125|94103,IL4R|KMT2A|RASGRP1|ORMDL3,0,Npas2
DisGeNET,35,C4087504,Peritoneal dissemination,,-2.1,7.1,4,30286,170,75,3,4,2.3,811|5654|10123,CALR|HTRA1|ARL4C,0,Npas2
Cell Type Signatures,7,M39053,MANNO MIDBRAIN NEUROTYPES HRGL2C,,-2.1,5,3.6,30286,326,75,4,5.3,2.6,5654|6506|9672|10252,HTRA1|SLC1A2|SDC3|SPRY1,0,Npas2
DisGeNET,35,C0149931,Migraine Disorders,,-2.1,3.9,3.3,30286,512,75,5,6.7,2.9,5027|5621|6154|6201|6506,P2RX7|PRNP|RPL26|RPS7|SLC1A2,0,Npas2
Cell Type Signatures,7,M39064,MANNO MIDBRAIN NEUROTYPES HNBML1,,-2,4.9,3.6,30286,328,75,4,5.3,2.6,3800|8851|55534|80274,KIF5C|CDK5R1|MAML3|SCUBE1,0,Npas2
DisGeNET,35,C1862941,"Amyotrophic Lateral Sclerosis, Sporadic",,-2,7,3.9,30286,173,75,3,4,2.3,682|1137|6506,BSG|CHRNA4|SLC1A2,0,Npas2
Cell Type Signatures,7,M39065,MANNO MIDBRAIN NEUROTYPES HRN,,-2,4.8,3.5,30286,335,75,4,5.3,2.6,3800|6506|8507|8851,KIF5C|SLC1A2|ENC1|CDK5R1,0,Npas2
Cell Type Signatures,7,M41753,RUBENSTEIN SKELETAL MUSCLE B CELLS,,-2,6.8,3.9,30286,177,75,3,4,2.3,6154|6193|6201,RPL26|RPS5|RPS7,0,Npas2
DisGeNET,35,C0024131,Lupus Vulgaris,,-2,3.8,3.3,30286,526,75,5,6.7,2.9,811|5027|6139|56848|94103,CALR|P2RX7|RPL17|SPHK2|ORMDL3,0,Npas2
