_MEMBER_Lrp1b,_LogP_Lrp1b,GO,_PATTERN_,_RANK_,GiniIndex,Category,CategoryID,Description,PARENT_GO,LogP,Enrichment,Z-score,#TotalGeneInLibrary,#GeneInGO,#GeneInHitList,#GeneInGOAndHitList,%InGO,STDV %InGO,GeneID,Hits,Log(q-value),EvidenceCutoff,GROUP_ID,FirstInGroupByEnrichment,FirstInGroupByLogP,BestLogPInGroup,BestEnrichmentInGroup,URL
1,-7.863838721361779,GO:0098609,M1,1,0,GO Biological Processes,19,cell-cell adhesion,19_GO:0009987 cellular process,-7.863838721361779,30.479033881247904,13.200222723110286,30286,542,11,6,54.54545454545455,15.0131422517231,1496|1740|2895|6091|22871|23245,CTNNA2|DLG2|GRID2|ROBO1|NLGN1|ASTN2,-3.536459350068929,0,1,1,1,-7.863838721361779,33.991021324354655,
1,-4.797807059245856,GO:0010975,M1,1,0,GO Biological Processes,19,regulation of neuron projection development,19_GO:0032502 developmental process,-4.797807059245856,23.941501976284588,9.450859621937264,30286,460,11,4,36.36363636363637,14.504073367590284,1496|2895|6091|22871,CTNNA2|GRID2|ROBO1|NLGN1,-1.6465189470086876,0,1,0,0,-7.863838721361779,33.991021324354655,
1,-4.187738692927334,GO:0120035,M1,1,0,GO Biological Processes,19,regulation of plasma membrane bounded cell projection organization,19_GO:0050789 regulation of biological process,-4.187738692927334,16.711822320320046,7.773086191856221,30286,659,11,4,36.36363636363637,14.504073367590284,1496|2895|6091|22871,CTNNA2|GRID2|ROBO1|NLGN1,-1.0908082430127581,0,1,0,0,-7.863838721361779,33.991021324354655,
1,-4.144777212433244,GO:0031344,M1,1,0,GO Biological Processes,19,regulation of cell projection organization,19_GO:0050789 regulation of biological process,-4.144777212433244,16.291554599246908,7.664323716732783,30286,676,11,4,36.36363636363637,14.504073367590284,1496|2895|6091|22871,CTNNA2|GRID2|ROBO1|NLGN1,-1.0726703462437004,0,1,0,0,-7.863838721361779,33.991021324354655,
1,-4.09544589851813,GO:0050807,M1,1,0,GO Biological Processes,19,regulation of synapse organization,19_GO:0050789 regulation of biological process,-4.09544589851813,33.991021324354655,9.8422706648251,30286,243,11,3,27.272727272727273,13.428162652290842,1496|2895|22871,CTNNA2|GRID2|NLGN1,-1.0468201281781095,0,1,0,0,-7.863838721361779,33.991021324354655,
1,-4.064054573878424,GO:0050803,M1,1,0,GO Biological Processes,19,regulation of synapse structure or activity,19_GO:0065007 biological regulation,-4.064054573878424,33.17196056955093,9.716659402526483,30286,249,11,3,27.272727272727273,13.428162652290842,1496|2895|22871,CTNNA2|GRID2|NLGN1,-1.0377051982495562,0,1,0,0,-7.863838721361779,33.991021324354655,
1,-4.003525005061659,GO:0098742,M1,1,0,GO Biological Processes,19,cell-cell adhesion via plasma-membrane adhesion molecules,19_GO:0009987 cellular process,-4.003525005061659,31.646812957157785,9.478336415180438,30286,261,11,3,27.272727272727273,13.428162652290842,2895|6091|22871,GRID2|ROBO1|NLGN1,-0.9983649285027292,0,1,0,0,-7.863838721361779,33.991021324354655,
1,-3.850690841660491,GO:0051962,M1,1,0,GO Biological Processes,19,positive regulation of nervous system development,19_GO:0032502 developmental process,-3.850690841660491,28.09461966604824,8.898607806124303,30286,294,11,3,27.272727272727273,13.428162652290842,2895|6091|22871,GRID2|ROBO1|NLGN1,-0.9035227120792474,0,1,0,0,-7.863838721361779,33.991021324354655,
1,-3.2996243255912123,GO:0032102,M1,1,0,GO Biological Processes,19,negative regulation of response to external stimulus,19_GO:0048519 negative regulation of biological process,-3.2996243255912123,18.233594220349186,7.044408874315309,30286,453,11,3,27.272727272727273,13.428162652290842,1496|2895|6091,CTNNA2|GRID2|ROBO1,-0.43464295219731897,0,1,0,0,-7.863838721361779,33.991021324354655,
1,-3.2583873577975604,GO:0051960,M1,1,0,GO Biological Processes,19,regulation of nervous system development,19_GO:0032502 developmental process,-3.2583873577975604,17.64918414918415,6.91902155978255,30286,468,11,3,27.272727272727273,13.428162652290842,2895|6091|22871,GRID2|ROBO1|NLGN1,-0.40812924122437344,0,1,0,0,-7.863838721361779,33.991021324354655,
1,-3.215881820908802,GO:0048812,M1,1,0,GO Biological Processes,19,neuron projection morphogenesis,19_GO:0032502 developmental process,-3.215881820908802,17.06574004507889,6.791547880167181,30286,484,11,3,27.272727272727273,13.428162652290842,1496|6091|22871,CTNNA2|ROBO1|NLGN1,-0.3811829315258332,0,1,0,0,-7.863838721361779,33.991021324354655,
1,-3.202896686676784,GO:0120039,M1,1,0,GO Biological Processes,19,plasma membrane bounded cell projection morphogenesis,19_GO:0032502 developmental process,-3.202896686676784,16.891243725599555,6.752958849685383,30286,489,11,3,27.272727272727273,13.428162652290842,1496|6091|22871,CTNNA2|ROBO1|NLGN1,-0.3811829315258332,0,1,0,0,-7.863838721361779,33.991021324354655,
1,-3.190048362940795,GO:0048858,M1,1,0,GO Biological Processes,19,cell projection morphogenesis,19_GO:0032502 developmental process,-3.190048362940795,16.72027972027972,6.714937424751688,30286,494,11,3,27.272727272727273,13.428162652290842,1496|6091|22871,CTNNA2|ROBO1|NLGN1,-0.3811829315258332,0,1,0,0,-7.863838721361779,33.991021324354655,
1,-2.9350974611717136,GO:0032989,M1,1,0,GO Biological Processes,19,cellular anatomical entity morphogenesis,19_GO:0032502 developmental process,-2.9350974611717136,13.65259203606311,5.9921956312000235,30286,605,11,3,27.272727272727273,13.428162652290842,1496|6091|22871,CTNNA2|ROBO1|NLGN1,-0.15178613422913972,0,1,0,0,-7.863838721361779,33.991021324354655,
1,-2.787275519676321,GO:0000902,M1,1,0,GO Biological Processes,19,cell morphogenesis,19_GO:0032502 developmental process,-2.787275519676321,12.128954745694834,5.599038519928275,30286,681,11,3,27.272727272727273,13.428162652290842,1496|6091|22871,CTNNA2|ROBO1|NLGN1,-0.01619864915075864,0,1,0,0,-7.863838721361779,33.991021324354655,
1,-2.7691230862151874,GO:0031175,M1,1,0,GO Biological Processes,19,neuron projection development,19_GO:0032502 developmental process,-2.7691230862151874,11.953427180634128,5.551980506067501,30286,691,11,3,27.272727272727273,13.428162652290842,1496|6091|22871,CTNNA2|ROBO1|NLGN1,-0.009945438989332978,0,1,0,0,-7.863838721361779,33.991021324354655,
1,-6.4652502596272345,GO:0099536,M1,1,0,GO Biological Processes,19,synaptic signaling,19_GO:0050789 regulation of biological process,-6.4652502596272345,29.8619601656478,11.90293645686685,30286,461,11,5,45.45454545454545,15.0131422517231,1740|2895|22871|23236|440279,DLG2|GRID2|NLGN1|PLCB1|UNC13C,-2.5915606622355885,0,2,1,1,-6.4652502596272345,70.5967365967366,
1,-6.321225583173788,GO:0050804,M1,1,0,GO Biological Processes,19,modulation of chemical synaptic transmission,19_GO:0050789 regulation of biological process,-6.321225583173788,27.92365849160981,11.488636013175128,30286,493,11,5,45.45454545454545,15.0131422517231,2895|10718|22871|23236|440279,GRID2|NRG3|NLGN1|PLCB1|UNC13C,-2.5915606622355885,0,2,0,0,-6.4652502596272345,70.5967365967366,
1,-6.316880042200475,GO:0099177,M1,1,0,GO Biological Processes,19,regulation of trans-synaptic signaling,19_GO:0050789 regulation of biological process,-6.316880042200475,27.867132867132867,11.476329886964406,30286,494,11,5,45.45454545454545,15.0131422517231,2895|10718|22871|23236|440279,GRID2|NRG3|NLGN1|PLCB1|UNC13C,-2.5915606622355885,0,2,0,0,-6.4652502596272345,70.5967365967366,
1,-5.330442106972559,GO:0050808,M1,1,0,GO Biological Processes,19,synapse organization,19_GO:0009987 cellular process,-5.330442106972559,32.67979498246561,11.147415925456084,30286,337,11,4,36.36363636363637,14.504073367590284,2895|10718|22871|440279,GRID2|NRG3|NLGN1|UNC13C,-1.957305245119035,0,2,0,0,-6.4652502596272345,70.5967365967366,
1,-5.042674750925047,GO:0007416,M1,1,0,GO Biological Processes,19,synapse assembly,19_GO:0032502 developmental process,-5.042674750925047,70.5967365967366,14.377037481896574,30286,117,11,3,27.272727272727273,13.428162652290842,2895|10718|22871,GRID2|NRG3|NLGN1,-1.7601820356917448,0,2,0,0,-6.4652502596272345,70.5967365967366,
1,-4.9736180546777575,GO:0007268,M1,1,0,GO Biological Processes,19,chemical synaptic transmission,19_GO:0050789 regulation of biological process,-4.9736180546777575,26.53756845564075,9.98497005851033,30286,415,11,4,36.36363636363637,14.504073367590284,1740|2895|22871|440279,DLG2|GRID2|NLGN1|UNC13C,-1.7601820356917448,0,2,0,0,-6.4652502596272345,70.5967365967366,
1,-4.9736180546777575,GO:0098916,M1,1,0,GO Biological Processes,19,anterograde trans-synaptic signaling,19_GO:0050789 regulation of biological process,-4.9736180546777575,26.53756845564075,9.98497005851033,30286,415,11,4,36.36363636363637,14.504073367590284,1740|2895|22871|440279,DLG2|GRID2|NLGN1|UNC13C,-1.7601820356917448,0,2,0,0,-6.4652502596272345,70.5967365967366,
1,-4.905003802316822,GO:0099537,M1,1,0,GO Biological Processes,19,trans-synaptic signaling,19_GO:0050789 regulation of biological process,-4.905003802316822,25.493265993265997,9.773618068144152,30286,432,11,4,36.36363636363637,14.504073367590284,1740|2895|22871|440279,DLG2|GRID2|NLGN1|UNC13C,-1.7237524667022102,0,2,0,0,-6.4652502596272345,70.5967365967366,
1,-4.547070700789285,GO:0034330,M1,1,0,GO Biological Processes,19,cell junction organization,19_GO:0009987 cellular process,-4.547070700789285,20.662459491727788,8.729796499242251,30286,533,11,4,36.36363636363637,14.504073367590284,2895|10718|22871|440279,GRID2|NRG3|NLGN1|UNC13C,-1.4238113121523603,0,2,0,0,-6.4652502596272345,70.5967365967366,
1,-3.899596638753052,GO:0034329,M1,1,0,GO Biological Processes,19,cell junction assembly,19_GO:0009987 cellular process,-3.899596638753052,29.1866366848699,9.080759841544584,30286,283,11,3,27.272727272727273,13.428162652290842,2895|10718|22871,GRID2|NRG3|NLGN1,-0.9339451034777955,0,2,0,0,-6.4652502596272345,70.5967365967366,
1,-6.0336428726900335,R-HSA-6794361,M1,1,0,Reactome Gene Sets,6,Neurexins and neuroligins,,-6.0336428726900335,150.17851239669423,21.107141219570437,30286,55,11,3,27.272727272727273,13.428162652290842,1740|22871|80059,DLG2|NLGN1|LRRTM4,-2.405233505733203,0,3,1,1,-6.0336428726900335,150.17851239669423,
1,-5.445148610787046,R-HSA-6794362,M1,1,0,Reactome Gene Sets,6,Protein-protein interactions at synapses,,-5.445148610787046,96.04439746300211,16.824428917989827,30286,86,11,3,27.272727272727273,13.428162652290842,1740|22871|80059,DLG2|NLGN1|LRRTM4,-1.9628672795084539,0,3,0,0,-6.0336428726900335,150.17851239669423,
1,-4.994347167744823,R-HSA-112316,M1,1,0,Reactome Gene Sets,6,Neuronal System,,-4.994347167744823,26.86119733924612,10.04956785522222,30286,410,11,4,36.36363636363637,14.504073367590284,1740|22871|23236|80059,DLG2|NLGN1|PLCB1|LRRTM4,-1.7601820356917448,0,3,0,0,-6.0336428726900335,150.17851239669423,
1,-3.108490190950277,GO:0010035,M1,1,0,GO Biological Processes,19,response to inorganic substance,19_GO:0050896 response to stimulus,-3.108490190950277,15.673279282387442,6.477260747609474,30286,527,11,3,27.272727272727273,13.428162652290842,1740|22871|23236,DLG2|NLGN1|PLCB1,-0.3125897366996829,0,3,0,0,-6.0336428726900335,150.17851239669423,
1,-5.486125407589931,GO:0007420,M1,1,0,GO Biological Processes,19,brain development,19_GO:0032502 developmental process,-5.486125407589931,18.883900735752587,9.316738257762545,30286,729,11,5,45.45454545454545,15.0131422517231,1496|2895|6091|10718|23236,CTNNA2|GRID2|ROBO1|NRG3|PLCB1,-1.9628672795084539,0,4,1,1,-5.486125407589931,30.035702479338845,
1,-5.348065238322786,GO:0060322,M1,1,0,GO Biological Processes,19,head development,19_GO:0032502 developmental process,-5.348065238322786,17.694554802523953,8.992134803287192,30286,778,11,5,45.45454545454545,15.0131422517231,1496|2895|6091|10718|23236,CTNNA2|GRID2|ROBO1|NRG3|PLCB1,-1.957305245119035,0,4,0,0,-5.486125407589931,30.035702479338845,
1,-3.9364016715929155,GO:0021537,M1,1,0,GO Biological Processes,19,telencephalon development,19_GO:0032502 developmental process,-3.9364016715929155,30.035702479338845,9.219906287152948,30286,275,11,3,27.272727272727273,13.428162652290842,6091|10718|23236,ROBO1|NRG3|PLCB1,-0.9514449811222724,0,4,0,0,-5.486125407589931,30.035702479338845,
1,-3.5194603556618387,GO:0030336,M1,1,0,GO Biological Processes,19,negative regulation of cell migration,19_GO:0040011 locomotion,-3.5194603556618387,21.67931281317108,7.742741193516121,30286,381,11,3,27.272727272727273,13.428162652290842,6091|10718|23236,ROBO1|NRG3|PLCB1,-0.590020993041027,0,4,0,0,-5.486125407589931,30.035702479338845,
1,-3.470316947084309,GO:2000146,M1,1,0,GO Biological Processes,19,negative regulation of cell motility,19_GO:0040011 locomotion,-3.470316947084309,20.858126721763085,7.582125504196023,30286,396,11,3,27.272727272727273,13.428162652290842,6091|10718|23236,ROBO1|NRG3|PLCB1,-0.5579109237622777,0,4,0,0,-5.486125407589931,30.035702479338845,
1,-3.4354815051522065,GO:0030900,M1,1,0,GO Biological Processes,19,forebrain development,19_GO:0032502 developmental process,-3.4354815051522065,20.29439356712084,7.469875511178666,30286,407,11,3,27.272727272727273,13.428162652290842,6091|10718|23236,ROBO1|NRG3|PLCB1,-0.5394658980183444,0,4,0,0,-5.486125407589931,30.035702479338845,
1,-3.362730462062926,GO:0040013,M1,1,0,GO Biological Processes,19,negative regulation of locomotion,19_GO:0040011 locomotion,-3.362730462062926,19.16431132672432,7.239641982999696,30286,431,11,3,27.272727272727273,13.428162652290842,6091|10718|23236,ROBO1|NRG3|PLCB1,-0.4825091221122959,0,4,0,0,-5.486125407589931,30.035702479338845,
