_MEMBER_Rpl37a,_LogP_Rpl37a,GO,Description,_PATTERN_,_RANK_,CHILD_GO_Rpl37a
1,-5.253033535623637,GO:0008152,metabolic process,M1,1,GO:0002181 cytoplasmic translation
1,-4.07519041027275,GO:0040007,growth,M1,1,GO:0030516 regulation of axon extension
1,-3.398467752195541,GO:0032502,developmental process,M1,1,GO:0050770 regulation of axonogenesis
1,-3.1625169571334952,GO:0065007,biological regulation,M1,1,GO:0008361 regulation of cell size
1,-2.8883018525482242,GO:0048519,negative regulation of biological process,M1,1,GO:0034249 negative regulation of amide metabolic process
1,-2.836229791481073,GO:0050789,regulation of biological process,M1,1,GO:0043523 regulation of neuron apoptotic process
1,-2.338819313417182,GO:0050896,response to stimulus,M1,1,GO:0006979 response to oxidative stress
