Gene,_SCORE_GRP1_,_SCORE_GRP3_,_SCORE_GRP2_,GRP1|11_M5885|-4.492|NABA MATRISOME ASSOCIATED,GRP1|19_GO:0001501|-3.939|skeletal system development,GRP1|11_M3468|-5.202|NABA ECM REGULATORS,GRP1|19_GO:0051604|-2.693|protein maturation,GRP1|19_GO:0016485|-3.886|protein processing,GRP1|19_GO:0043062|-4.954|extracellular structure organization,GRP1|19_GO:0030198|-4.961|extracellular matrix organization,GRP1|19_GO:0045229|-4.948|external encapsulating structure organization,GRP1|19_GO:0001503|-3.375|ossification,GRP2|19_GO:0048667|-2.829|cell morphogenesis involved in neuron differentiation,GRP2|19_GO:0016358|-4.586|dendrite development,GRP2|19_GO:0048812|-2.711|neuron projection morphogenesis,GRP2|19_GO:0120039|-2.698|plasma membrane bounded cell projection morphogenesis,GRP2|19_GO:0048858|-2.686|cell projection morphogenesis,GRP2|19_GO:0032989|-2.437|cellular anatomical entity morphogenesis,GRP2|19_GO:0000902|-2.293|cell morphogenesis,GRP2|19_GO:0031175|-2.275|neuron projection development,GRP2|19_GO:0034330|-2.592|cell junction organization,GRP3|19_GO:0140352|-2.732|export from cell,GRP3|19_GO:0032940|-2.911|secretion by cell,GRP3|19_GO:0046903|-2.601|secretion,GRP3|19_GO:0007389|-2.777|pattern specification process,GRP3|19_GO:0003002|-2.911|regionalization,GRP3|19_GO:0043009|-2.349|chordate embryonic development,GRP3|19_GO:0048568|-2.796|embryonic organ development,GRP3|19_GO:0009792|-2.311|embryo development ending in birth or egg hatching,_SORT_,_SORT_GRP1_,_SORT_GRP2_,_SORT_GRP3_
81792,0.7777777777777778,0.0,0.0,0.3,0.2,0.3,0.0,0.0,0.3,0.3,0.3,0.2,0.0,0.0,0.0,0.0,0.0,0.0,0.0,0.0,0.0,0.0,0.0,0.0,0.0,0.0,0.0,0.0,0.0,7,3,0,0
144165,0.4444444444444444,1.0,1.0,0.0,0.0,0.0,0.0,0.0,0.3,0.3,0.3,0.2,0.1,0.3,0.1,0.1,0.1,0.1,0.1,0.1,0.1,0.1,0.1,0.1,0.1,0.1,0.1,0.1,0.1,1,4,2,2
7092,0.8888888888888888,0.25,0.0,0.3,0.2,0.3,0.1,0.2,0.3,0.3,0.3,0.0,0.0,0.0,0.0,0.0,0.0,0.0,0.0,0.0,0.0,0.0,0.0,0.0,0.1,0.1,0.0,0.0,0.0,6,2,0,5
10160,0.0,0.0,1.0,0.0,0.0,0.0,0.0,0.0,0.0,0.0,0.0,0.0,0.1,0.3,0.1,0.1,0.1,0.1,0.1,0.1,0.1,0.0,0.0,0.0,0.0,0.0,0.0,0.0,0.0,2,0,1,0
4325,1.0,0.375,0.0,0.3,0.2,0.3,0.1,0.2,0.3,0.3,0.3,0.2,0.0,0.0,0.0,0.0,0.0,0.0,0.0,0.0,0.0,0.0,0.0,0.0,0.0,0.0,0.1,0.1,0.1,5,1,0,4
51473,0.0,0.0,0.8888888888888888,0.0,0.0,0.0,0.0,0.0,0.0,0.0,0.0,0.0,0.1,0.3,0.1,0.1,0.1,0.1,0.1,0.1,0.0,0.0,0.0,0.0,0.0,0.0,0.0,0.0,0.0,3,0,3,0
5125,0.5555555555555556,1.0,0.0,0.3,0.2,0.3,0.1,0.2,0.0,0.0,0.0,0.0,0.0,0.0,0.0,0.0,0.0,0.0,0.0,0.0,0.0,0.1,0.1,0.1,0.1,0.1,0.1,0.1,0.1,4,5,0,1
26059,0.0,0.375,0.1111111111111111,0.0,0.0,0.0,0.0,0.0,0.0,0.0,0.0,0.0,0.0,0.0,0.0,0.0,0.0,0.0,0.0,0.0,0.1,0.1,0.1,0.1,0.0,0.0,0.0,0.0,0.0,8,0,4,3
84898,0.1111111111111111,0.0,0.0,0.3,0.0,0.0,0.0,0.0,0.0,0.0,0.0,0.0,0.0,0.0,0.0,0.0,0.0,0.0,0.0,0.0,0.0,0.0,0.0,0.0,0.0,0.0,0.0,0.0,0.0,9,6,0,0
