_MEMBER_Desi2,_LogP_Desi2,GO,Description,_PATTERN_,_RANK_,CHILD_GO_Desi2
1,-4.9606093326119955,GO:0009987,cellular process,M1,1,GO:0030198 extracellular matrix organization
1,-4.586460169280672,GO:0032502,developmental process,M1,1,GO:0016358 dendrite development
1,-3.8855492890938756,GO:0008152,metabolic process,M1,1,GO:0016485 protein processing
1,-3.3750084117235497,GO:0032501,multicellular organismal process,M1,1,GO:0001503 ossification
1,-2.9112231138155797,GO:0051179,localization,M1,1,GO:0032940 secretion by cell
