Category,CategoryID,GO,Description,PARENT_GO,LogP,Enrichment,Z-score,#TotalGeneInLibrary,#GeneInGO,#GeneInHitList,#GeneInGOAndHitList,%InGO,STDV %InGO,GeneID,Hits,Log(q-value),GeneList
DisGeNET,35,C1846176,Hyperactive deep tendon reflexes,,-4.8,62,13,30286,32,46,3,6.5,3.6,3748|5621|56006,KCNC3|PRNP|SMG9,-0.36,Tbc1d13
Cell Type Signatures,7,M41648,TRAVAGLINI LUNG CLUB CELL,,-4.6,23,9.2,30286,114,46,4,8.7,4.2,6167|6223|6235|51170,RPL37|RPS19|RPS29|HSD17B11,-0.36,Tbc1d13
DisGeNET,35,C0027066,Myoclonus,,-4.3,12,7.3,30286,264,46,5,11,4.6,1759|3748|5621|55005|79734,DNM1|KCNC3|PRNP|RMND1|KCTD17,-0.31,Tbc1d13
DisGeNET,35,C4021821,Abnormality of the urinary system,,-4.2,40,11,30286,50,46,3,6.5,3.6,2720|6223|6235,GLB1|RPS19|RPS29,-0.31,Tbc1d13
DisGeNET,35,C0040485,Torticollis,,-4.1,36,10,30286,55,46,3,6.5,3.6,3748|8558|79734,KCNC3|CDK10|KCTD17,-0.28,Tbc1d13
DisGeNET,35,C0007758,Cerebellar Ataxia,,-3.3,7.5,5.3,30286,440,46,5,11,4.6,1759|2720|3748|5621|402665,DNM1|GLB1|KCNC3|PRNP|IGLON5,0,Tbc1d13
DisGeNET,35,C1842876,Depressed nasal ridge,,-3.1,17,6.7,30286,117,46,3,6.5,3.6,2720|6223|6235,GLB1|RPS19|RPS29,0,Tbc1d13
Cell Type Signatures,7,M40009,BUSSLINGER GASTRIC PPP1R1B POSITIVE CELLS,,-3.1,16,6.6,30286,121,46,3,6.5,3.6,6167|6223|6235,RPL37|RPS19|RPS29,0,Tbc1d13
Cell Type Signatures,7,M41684,TRAVAGLINI LUNG CD4 NAIVE T CELL,,-3,15,6.3,30286,132,46,3,6.5,3.6,6167|6223|6235,RPL37|RPS19|RPS29,0,Tbc1d13
DisGeNET,35,C0002962,Angina Pectoris,,-2.9,14,6.1,30286,139,46,3,6.5,3.6,2720|3949|78987,GLB1|LDLR|CRELD1,0,Tbc1d13
DisGeNET,35,C0231686,"Gait, Unsteady",,-2.9,14,6,30286,143,46,3,6.5,3.6,1759|5621|440193,DNM1|PRNP|CCDC88C,0,Tbc1d13
DisGeNET,35,C1839739,Thick lower lip vermilion,,-2.9,14,5.9,30286,145,46,3,6.5,3.6,6223|6235|56006,RPS19|RPS29|SMG9,0,Tbc1d13
DisGeNET,35,C1858430,Death in infancy,,-2.8,14,5.9,30286,146,46,3,6.5,3.6,2720|55005|60386,GLB1|RMND1|SLC25A19,0,Tbc1d13
DisGeNET,35,C0454644,Delayed speech and language development,,-2.8,5.9,4.5,30286,560,46,5,11,4.6,1759|2720|5621|8558|55621,DNM1|GLB1|PRNP|CDK10|TRMT1,0,Tbc1d13
DisGeNET,35,C0087012,"Ataxia, Spinocerebellar",,-2.8,13,5.7,30286,155,46,3,6.5,3.6,3748|5621|440193,KCNC3|PRNP|CCDC88C,0,Tbc1d13
Cell Type Signatures,7,M41751,RUBENSTEIN SKELETAL MUSCLE MYELOID CELLS,,-2.7,7.6,4.8,30286,347,46,4,8.7,4.2,6167|6223|6235|51170,RPL37|RPS19|RPS29|HSD17B11,0,Tbc1d13
Cell Type Signatures,7,M39107,AIZARANI LIVER C3 NK NKT CELLS 2,,-2.7,12,5.6,30286,162,46,3,6.5,3.6,6167|6223|6235,RPL37|RPS19|RPS29,0,Tbc1d13
DisGeNET,35,C0008489,Chorea,,-2.7,12,5.5,30286,168,46,3,6.5,3.6,39|5621|402665,ACAT2|PRNP|IGLON5,0,Tbc1d13
DisGeNET,35,C0751837,Gait Ataxia,,-2.6,11,5.4,30286,172,46,3,6.5,3.6,3748|5621|440193,KCNC3|PRNP|CCDC88C,0,Tbc1d13
Cell Type Signatures,7,M41753,RUBENSTEIN SKELETAL MUSCLE B CELLS,,-2.6,11,5.3,30286,177,46,3,6.5,3.6,6167|6223|6235,RPL37|RPS19|RPS29,0,Tbc1d13
Cell Type Signatures,7,M41752,RUBENSTEIN SKELETAL MUSCLE T CELLS,,-2.6,11,5.2,30286,181,46,3,6.5,3.6,6167|6223|6235,RPL37|RPS19|RPS29,0,Tbc1d13
Cell Type Signatures,7,M40026,BUSSLINGER DUODENAL TRANSIT AMPLIFYING CELLS,,-2.5,10,5,30286,194,46,3,6.5,3.6,6167|6223|6235,RPL37|RPS19|RPS29,0,Tbc1d13
DisGeNET,35,C0034012,Delayed Puberty,,-2.5,10,5,30286,196,46,3,6.5,3.6,6223|6235|6307,RPS19|RPS29|MSMO1,0,Tbc1d13
DisGeNET,35,C1531647,Cerebral ventriculomegaly,,-2.5,6.4,4.3,30286,410,46,4,8.7,4.2,2720|5621|60386|440193,GLB1|PRNP|SLC25A19|CCDC88C,0,Tbc1d13
DisGeNET,35,C0020445,"Hypercholesterolemia, Familial",,-2.4,9.7,4.9,30286,203,46,3,6.5,3.6,2720|3949|5141,GLB1|LDLR|PDE4A,0,Tbc1d13
DisGeNET,35,C3278923,Dilated ventricles (finding),,-2.4,6.2,4.2,30286,427,46,4,8.7,4.2,2720|5621|60386|440193,GLB1|PRNP|SLC25A19|CCDC88C,0,Tbc1d13
Cell Type Signatures,7,M41668,TRAVAGLINI LUNG BRONCHIAL VESSEL 1 CELL,,-2.3,8.8,4.6,30286,224,46,3,6.5,3.6,6167|6223|6235,RPL37|RPS19|RPS29,0,Tbc1d13
DisGeNET,35,C0311394,Difficulty walking,,-2.3,8.8,4.6,30286,224,46,3,6.5,3.6,1759|3748|60386,DNM1|KCNC3|SLC25A19,0,Tbc1d13
DisGeNET,35,C0085584,Encephalopathies,,-2.3,5.8,4,30286,457,46,4,8.7,4.2,1759|5621|55005|402665,DNM1|PRNP|RMND1|IGLON5,0,Tbc1d13
DisGeNET,35,C0003507,Aortic Valve Stenosis,,-2.3,8.4,4.5,30286,234,46,3,6.5,3.6,2720|3949|78987,GLB1|LDLR|CRELD1,0,Tbc1d13
DisGeNET,35,C0035372,Rett Syndrome,,-2.3,8.4,4.5,30286,234,46,3,6.5,3.6,1759|3949|5141,DNM1|LDLR|PDE4A,0,Tbc1d13
DisGeNET,35,C0013362,Dysarthria,,-2.2,5.4,3.8,30286,487,46,4,8.7,4.2,3748|5621|79734|440193,KCNC3|PRNP|KCTD17|CCDC88C,0,Tbc1d13
DisGeNET,35,C0003862,Arthralgia,,-2.2,8,4.3,30286,248,46,3,6.5,3.6,3949|5621|6307,LDLR|PRNP|MSMO1,0,Tbc1d13
DisGeNET,35,C0030312,Pancytopenia,,-2.2,7.8,4.2,30286,253,46,3,6.5,3.6,2720|6223|84444,GLB1|RPS19|DOT1L,0,Tbc1d13
Cell Type Signatures,7,M39017,FAN EMBRYONIC CTX BIG GROUPS CAJAL RETZIUS,,-2.2,5.3,3.8,30286,499,46,4,8.7,4.2,6307|56616|151835|440193,MSMO1|DIABLO|CPNE9|CCDC88C,0,Tbc1d13
DisGeNET,35,C0149931,Migraine Disorders,,-2.1,5.1,3.7,30286,512,46,4,8.7,4.2,3949|5621|6223|6235,LDLR|PRNP|RPS19|RPS29,0,Tbc1d13
DisGeNET,35,C0206686,Adrenocortical carcinoma,,-2,7,4,30286,281,46,3,6.5,3.6,2720|3949|56616,GLB1|LDLR|DIABLO,0,Tbc1d13
