_MEMBER_Desi2,_LogP_Desi2,GO,_PATTERN_,_RANK_,GiniIndex,Category,CategoryID,Description,PARENT_GO,LogP,Enrichment,Z-score,#TotalGeneInLibrary,#GeneInGO,#GeneInHitList,#GeneInGOAndHitList,%InGO,STDV %InGO,GeneID,Hits,Log(q-value),EvidenceCutoff
1,-5.7,M39223,M1,1,0,Cell Type Signatures,7,LAKE ADULT KIDNEY C4 PROXIMAL TUBULE EPITHELIAL CELLS S2,,-5.7,43,13,30286,176,16,4,25,11,8672|10160|51473|84898,EIF4G3|FARP1|DCDC2|PLXDC2,-1.2,0
1,-4.1,M41676,M1,1,0,Cell Type Signatures,7,TRAVAGLINI LUNG ALVEOLAR FIBROBLAST CELL,,-4.1,35,9.9,30286,164,16,3,19,9.8,4045|57569|84898,LSAMP|ARHGAP20|PLXDC2,0,0
1,-3.7,M39222,M1,1,0,Cell Type Signatures,7,LAKE ADULT KIDNEY C3 PROXIMAL TUBULE EPITHELIAL CELLS S1 S2,,-3.7,26,8.5,30286,221,16,3,19,9.8,5125|10160|84898,PCSK5|FARP1|PLXDC2,0,0
1,-3.3,M40228,M1,1,0,Cell Type Signatures,7,DESCARTES FETAL LIVER MESOTHELIAL CELLS,,-3.3,18,7,30286,310,16,3,19,9.8,4045|7092|25834,LSAMP|TLL1|MGAT4C,0,0
1,-2.7,M39067,M1,1,0,Cell Type Signatures,7,MANNO MIDBRAIN NEUROTYPES HDA,,-2.7,11,5.3,30286,506,16,3,19,9.8,4045|9079|26059,LSAMP|LDB2|ERC2,0,0
1,-2.5,M39068,M1,1,0,Cell Type Signatures,7,MANNO MIDBRAIN NEUROTYPES HDA1,,-2.5,9.7,4.9,30286,584,16,3,19,9.8,4045|9079|26059,LSAMP|LDB2|ERC2,0,0
1,-2.2,M39209,M1,1,0,Cell Type Signatures,7,HAY BONE MARROW STROMAL,,-2.2,7.4,4.1,30286,765,16,3,19,9.8,7092|10160|57569,TLL1|FARP1|ARHGAP20,0,0
