Category,CategoryID,GO,Description,PARENT_GO,LogP,Enrichment,Z-score,#TotalGeneInLibrary,#GeneInGO,#GeneInHitList,#GeneInGOAndHitList,%InGO,STDV %InGO,GeneID,Hits,Log(q-value),GeneList
Cell Type Signatures,7,M39223,LAKE ADULT KIDNEY C4 PROXIMAL TUBULE EPITHELIAL CELLS S2,,-5.7,43,13,30286,176,16,4,25,11,8672|10160|51473|84898,EIF4G3|FARP1|DCDC2|PLXDC2,-1.2,Desi2
Cell Type Signatures,7,M41676,TRAVAGLINI LUNG ALVEOLAR FIBROBLAST CELL,,-4.1,35,9.9,30286,164,16,3,19,9.8,4045|57569|84898,LSAMP|ARHGAP20|PLXDC2,0,Desi2
Cell Type Signatures,7,M39222,LAKE ADULT KIDNEY C3 PROXIMAL TUBULE EPITHELIAL CELLS S1 S2,,-3.7,26,8.5,30286,221,16,3,19,9.8,5125|10160|84898,PCSK5|FARP1|PLXDC2,0,Desi2
Cell Type Signatures,7,M40228,DESCARTES FETAL LIVER MESOTHELIAL CELLS,,-3.3,18,7,30286,310,16,3,19,9.8,4045|7092|25834,LSAMP|TLL1|MGAT4C,0,Desi2
Cell Type Signatures,7,M39067,MANNO MIDBRAIN NEUROTYPES HDA,,-2.7,11,5.3,30286,506,16,3,19,9.8,4045|9079|26059,LSAMP|LDB2|ERC2,0,Desi2
DisGeNET,35,C1837461,"SCOLIOSIS, ISOLATED, SUSCEPTIBILITY TO, 3",,-2.5,9.8,4.9,30286,578,16,3,19,9.8,8672|10260|81792,EIF4G3|DENND4A|ADAMTS12,0,Desi2
Cell Type Signatures,7,M39068,MANNO MIDBRAIN NEUROTYPES HDA1,,-2.5,9.7,4.9,30286,584,16,3,19,9.8,4045|9079|26059,LSAMP|LDB2|ERC2,0,Desi2
DisGeNET,35,C0021704,Intelligence,,-2.4,8.8,4.6,30286,645,16,3,19,9.8,10160|10260|51473,FARP1|DENND4A|DCDC2,0,Desi2
DisGeNET,35,C0410702,Adolescent idiopathic scoliosis,,-2.3,8.7,4.6,30286,656,16,3,19,9.8,8672|10260|81792,EIF4G3|DENND4A|ADAMTS12,0,Desi2
Cell Type Signatures,7,M39209,HAY BONE MARROW STROMAL,,-2.2,7.4,4.1,30286,765,16,3,19,9.8,7092|10160|57569,TLL1|FARP1|ARHGAP20,0,Desi2
