Gene,_SCORE_GRP1_,_SCORE_GRP2_,GRP1|19_GO:0051056|-6.737|regulation of small GTPase mediated signal transduction,GRP2|6_R-HSA-194315|-4.943|Signaling by Rho GTPases,GRP2|6_R-HSA-9012999|-5.901|RHO GTPase cycle,"GRP2|6_R-HSA-9716542|-4.896|Signaling by Rho GTPases, Miro GTPases and RHOBTB3",GRP2|6_R-HSA-8980692|-6.289|RHOA GTPase cycle,GRP2|6_R-HSA-9013149|-5.891|RAC1 GTPase cycle,GRP2|6_R-HSA-9013148|-6.197|CDC42 GTPase cycle,_SORT_,_SORT_GRP1_,_SORT_GRP2_
10260,1.0,0.0,0.4,0.0,0.0,0.0,0.0,0.0,0.0,5,2,0
57480,1.0,0.8333333333333334,0.4,0.3,0.3,0.3,0.0,0.3,0.4,3,1,4
79658,1.0,1.0,0.4,0.3,0.3,0.3,0.4,0.3,0.4,2,3,2
116984,0.0,1.0,0.0,0.3,0.3,0.3,0.4,0.3,0.4,6,0,1
55160,1.0,0.6666666666666666,0.4,0.3,0.3,0.3,0.4,0.0,0.0,4,4,5
57569,1.0,1.0,0.4,0.3,0.3,0.3,0.4,0.3,0.4,1,5,3
