Category,CategoryID,GO,Description,PARENT_GO,LogP,Enrichment,Z-score,#TotalGeneInLibrary,#GeneInGO,#GeneInHitList,#GeneInGOAndHitList,%InGO,STDV %InGO,GeneID,Hits,Log(q-value),GeneList
GO Biological Processes,19,GO:0051056,regulation of small GTPase mediated signal transduction,19_GO:0050896 response to stimulus,-6.7,36,13,30286,304,14,5,36,13,10260|55160|57480|57569|79658,DENND4A|ARHGEF10L|PLEKHG1|ARHGAP20|ARHGAP10,-2.4,Igfbp5
Reactome Gene Sets,6,R-HSA-8980692,RHOA GTPase cycle,,-6.3,59,15,30286,147,14,4,29,12,55160|57569|79658|116984,ARHGEF10L|ARHGAP20|ARHGAP10|ARAP2,-2.3,Igfbp5
Reactome Gene Sets,6,R-HSA-9013148,CDC42 GTPase cycle,,-6.2,56,15,30286,155,14,4,29,12,57480|57569|79658|116984,PLEKHG1|ARHGAP20|ARHGAP10|ARAP2,-2.3,Igfbp5
Reactome Gene Sets,6,R-HSA-9012999,RHO GTPase cycle,,-5.9,24,11,30286,449,14,5,36,13,55160|57480|57569|79658|116984,ARHGEF10L|PLEKHG1|ARHGAP20|ARHGAP10|ARAP2,-2.3,Igfbp5
Reactome Gene Sets,6,R-HSA-9013149,RAC1 GTPase cycle,,-5.9,47,13,30286,185,14,4,29,12,57480|57569|79658|116984,PLEKHG1|ARHGAP20|ARHGAP10|ARAP2,-2.3,Igfbp5
Reactome Gene Sets,6,R-HSA-194315,Signaling by Rho GTPases,,-4.9,15,8.3,30286,706,14,5,36,13,55160|57480|57569|79658|116984,ARHGEF10L|PLEKHG1|ARHGAP20|ARHGAP10|ARAP2,-1.4,Igfbp5
Reactome Gene Sets,6,R-HSA-9716542,"Signaling by Rho GTPases, Miro GTPases and RHOBTB3",,-4.9,15,8.2,30286,722,14,5,36,13,55160|57480|57569|79658|116984,ARHGEF10L|PLEKHG1|ARHGAP20|ARHGAP10|ARAP2,-1.4,Igfbp5
