_MEMBER_Ccdc115,_LogP_Ccdc115,GO,_PATTERN_,_RANK_,GiniIndex,Category,CategoryID,Description,PARENT_GO,LogP,Enrichment,Z-score,#TotalGeneInLibrary,#GeneInGO,#GeneInHitList,#GeneInGOAndHitList,%InGO,STDV %InGO,GeneID,Hits,Log(q-value),EvidenceCutoff
1,-4.8,TRR00705,M1,1,0,TRRUST,34,Regulated by: LEF1,,-4.8,27,10,30286,34,134,4,3,1.5,367|1540|4907|26292,AR|CYLD|NT5E|MYCBP,-1.5,0
1,-3.1,TRR01051,M1,1,0,TRRUST,34,Regulated by: POU2F1,,-3.1,16,6.5,30286,42,134,3,2.2,1.3,367|3567|27306,AR|IL5|HPGDS,-0.43,0
1,-3,TRR00484,M1,1,0,TRRUST,34,Regulated by: HIF1A,,-3,9.1,5.4,30286,99,134,4,3,1.5,212|226|367|4907,ALAS2|ALDOA|AR|NT5E,-0.41,0
1,-2.2,TRR00280,M1,1,0,TRRUST,34,Regulated by: ETS1,,-2.2,8.1,4.3,30286,84,134,3,2.2,1.3,285|2321|3567,ANGPT2|FLT1|IL5,-0.036,0
1,-2.2,TRR00275,M1,1,0,TRRUST,34,Regulated by: ESR1,,-2.2,7.7,4.2,30286,88,134,3,2.2,1.3,367|2321|27429,AR|FLT1|HTRA2,-0.015,0
1,-2.1,TRR00645,M1,1,0,TRRUST,34,Regulated by: JUN,,-2.1,5.3,3.7,30286,172,134,4,3,1.5,367|4747|4988|84707,AR|NEFL|OPRM1|BEX2,-0.012,0
