Category,CategoryID,GO,Description,PARENT_GO,LogP,Enrichment,Z-score,#TotalGeneInLibrary,#GeneInGO,#GeneInHitList,#GeneInGOAndHitList,%InGO,STDV %InGO,GeneID,Hits,Log(q-value),GeneList
Cell Type Signatures,7,M39237,LAKE ADULT KIDNEY C18 COLLECTING DUCT PRINCIPAL CELLS MEDULLA,,-7.6,8.4,8.9,30286,322,134,12,9,2.5,71|226|658|3326|4869|7314|7529|7534|10209|23741|57142|220988,ACTG1|ALDOA|BMPR1B|HSP90AB1|NPM1|UBB|YWHAB|YWHAZ|EIF1|EID1|RTN4|HNRNPA3,-3.3,Ccdc115
Cell Type Signatures,7,M39228,LAKE ADULT KIDNEY C9 THIN ASCENDING LIMB,,-7.5,9.3,9.1,30286,268,134,11,8.2,2.4,71|226|3326|4869|7314|7529|10209|23741|57142|93986|220988,ACTG1|ALDOA|HSP90AB1|NPM1|UBB|YWHAB|EIF1|EID1|RTN4|FOXP2|HNRNPA3,-3.3,Ccdc115
Cell Type Signatures,7,M39227,LAKE ADULT KIDNEY C8 DECENDING THIN LIMB,,-7.3,8.9,8.9,30286,278,134,11,8.2,2.4,71|226|3326|4869|7314|7529|10209|23741|57142|93986|220988,ACTG1|ALDOA|HSP90AB1|NPM1|UBB|YWHAB|EIF1|EID1|RTN4|FOXP2|HNRNPA3,-3.3,Ccdc115
Cell Type Signatures,7,M39208,HAY BONE MARROW PRO B,,-6.9,8.2,8.4,30286,304,134,11,8.2,2.4,52|71|3151|3187|6613|7314|11164|55840|92610|196294|220988,ACP1|ACTG1|HMGN2|HNRNPH1|SUMO2|UBB|NUDT5|EAF2|TIFA|IMMP1L|HNRNPA3,-3,Ccdc115
DisGeNET,35,C0039590,Testicular Neoplasms,,-5.9,13,8.7,30286,124,134,7,5.2,1.9,367|2263|2321|4869|10973|27306|57515,AR|FGFR2|FLT1|NPM1|ASCC3|HPGDS|SERINC1,-2.1,Ccdc115
Cell Type Signatures,7,M39242,LAKE ADULT KIDNEY C23 ENDOTHELIAL CELLS AVR,,-5.8,13,8.7,30286,126,134,7,5.2,1.9,71|2321|2823|3326|4869|7529|10209,ACTG1|FLT1|GPM6A|HSP90AB1|NPM1|YWHAB|EIF1,-2.1,Ccdc115
Cell Type Signatures,7,M39238,LAKE ADULT KIDNEY C19 COLLECTING DUCT INTERCALATED CELLS TYPE A MEDULLA,,-5.7,6.9,7.2,30286,326,134,10,7.5,2.3,71|226|658|3326|4869|7314|7529|10209|23741|57142,ACTG1|ALDOA|BMPR1B|HSP90AB1|NPM1|UBB|YWHAB|EIF1|EID1|RTN4,-2,Ccdc115
DisGeNET,35,C0023267,Fibroid Tumor,,-5.6,6,6.8,30286,413,134,11,8.2,2.4,52|71|285|367|2246|3151|5354|7010|26136|27306|27328,ACP1|ACTG1|ANGPT2|AR|FGF1|HMGN2|PLP1|TEK|TES|HPGDS|PCDH11X,-2,Ccdc115
DisGeNET,35,C0234985,Mental deterioration,,-5.5,5.3,6.6,30286,508,134,12,9,2.5,71|285|2321|3769|4747|7010|7534|8633|9122|10846|29978|388015,ACTG1|ANGPT2|FLT1|KCNJ13|NEFL|TEK|YWHAZ|UNC5C|SLC16A4|PDE10A|UBQLN2|RTL1,-2,Ccdc115
Cell Type Signatures,7,M39243,LAKE ADULT KIDNEY C24 ENDOTHELIAL CELLS AEA AND DVR,,-5.3,10,7.8,30286,152,134,7,5.2,1.9,71|2321|3326|4869|7529|10209|55082,ACTG1|FLT1|HSP90AB1|NPM1|YWHAB|EIF1|ARGLU1,-1.8,Ccdc115
Cell Type Signatures,7,M41703,FAN OVARY CL1 GPRC5A TNFRS12A HIGH SELECTABLE FOLLICLE STROMAL CELL,,-5.1,5.9,6.5,30286,380,134,10,7.5,2.3,71|3187|3326|4809|4869|7150|7314|11259|57142|220988,ACTG1|HNRNPH1|HSP90AB1|SNU13|NPM1|TOP1|UBB|FILIP1L|RTN4|HNRNPA3,-1.6,Ccdc115
DisGeNET,35,C3811918,GRN-related frontotemporal dementia,,-5,12,7.9,30286,112,134,6,4.5,1.8,4747|5094|29978|93986|220988|347240,NEFL|PCBP2|UBQLN2|FOXP2|HNRNPA3|KIF24,-1.5,Ccdc115
DisGeNET,35,C1704436,Peripheral Arterial Diseases,,-4.9,6.4,6.4,30286,319,134,9,6.7,2.2,285|367|2246|2321|4907|7010|23452|57142|64805,ANGPT2|AR|FGF1|FLT1|NT5E|TEK|ANGPTL2|RTN4|P2RY12,-1.5,Ccdc115
TRRUST,34,TRR00705,Regulated by: LEF1,,-4.8,27,10,30286,34,134,4,3,1.5,367|1540|4907|26292,AR|CYLD|NT5E|MYCBP,-1.5,Ccdc115
DisGeNET,35,C0751072,Frontotemporal Lobar Degeneration,,-4.6,8.1,6.6,30286,195,134,7,5.2,1.9,4747|4869|5094|29978|93986|220988|347240,NEFL|NPM1|PCBP2|UBQLN2|FOXP2|HNRNPA3|KIF24,-1.2,Ccdc115
Cell Type Signatures,7,M39229,LAKE ADULT KIDNEY C10 THIN ASCENDING LIMB,,-4.5,5.8,6,30286,353,134,9,6.7,2.2,71|226|3326|4869|7314|7529|10209|23741|220988,ACTG1|ALDOA|HSP90AB1|NPM1|UBB|YWHAB|EIF1|EID1|HNRNPA3,-1.2,Ccdc115
DisGeNET,35,C0231341,Premature aging syndrome,,-4.5,10,7,30286,136,134,6,4.5,1.8,367|443|1540|2246|23452|27429,AR|ASPA|CYLD|FGF1|ANGPTL2|HTRA2,-1.2,Ccdc115
Cell Type Signatures,7,M41749,RUBENSTEIN SKELETAL MUSCLE NK CELLS,,-4.2,7,6,30286,226,134,7,5.2,1.9,52|71|4869|7314|7534|10209|51714,ACP1|ACTG1|NPM1|UBB|YWHAZ|EIF1|SELENOT,-0.92,Ccdc115
DisGeNET,35,C4721579,Secondary malignant neoplasm of colon and/or rectum,,-4.1,5.1,5.5,30286,397,134,9,6.7,2.2,52|71|285|2321|4907|7010|7150|26136|27306,ACP1|ACTG1|ANGPT2|FLT1|NT5E|TEK|TOP1|TES|HPGDS,-0.92,Ccdc115
DisGeNET,35,C0393571,Multiple System Atrophy,,-4.1,36,10,30286,19,134,3,2.2,1.3,4747|7314|7529,NEFL|UBB|YWHAB,-0.9,Ccdc115
DisGeNET,35,C0152171,Idiopathic pulmonary hypertension,,-4.1,8.4,6.3,30286,161,134,6,4.5,1.8,367|658|2263|2321|3357|7529,AR|BMPR1B|FGFR2|FLT1|HTR2B|YWHAB,-0.89,Ccdc115
DisGeNET,35,C1145670,Respiratory Failure,,-4,5.7,5.6,30286,319,134,8,6,2,2246|3567|4988|4998|5000|9963|27429|29978,FGF1|IL5|OPRM1|ORC1|ORC4|SLC23A1|HTRA2|UBQLN2,-0.89,Ccdc115
DisGeNET,35,C0018790,Cardiac Arrest,,-4,5,5.4,30286,410,134,9,6.7,2.2,285|367|808|4747|4907|7010|7534|27306|27329,ANGPT2|AR|CALM3|NEFL|NT5E|TEK|YWHAZ|HPGDS|ANGPTL3,-0.89,Ccdc115
DisGeNET,35,C1876214,"ALBINOIDISM, OCULOCUTANEOUS, AUTOSOMAL DOMINANT",,-4,17,7.7,30286,54,134,4,3,1.5,7337|23682|283652|388015,UBE3A|RAB38|SLC24A5|RTL1,-0.89,Ccdc115
DisGeNET,35,C0432103,Submucous cleft of hard palate,,-4,16,7.6,30286,55,134,4,3,1.5,4998|5000|7314|93986,ORC1|ORC4|UBB|FOXP2,-0.87,Ccdc115
DisGeNET,35,C0042571,Vertigo,,-3.9,7.8,6,30286,173,134,6,4.5,1.8,808|3769|4869|4907|4988|26136,CALM3|KCNJ13|NPM1|NT5E|OPRM1|TES,-0.81,Ccdc115
DisGeNET,35,C0018681,Headache,,-3.9,5.3,5.4,30286,338,134,8,6,2,367|808|2263|2321|3567|4988|9122|27306,AR|CALM3|FGFR2|FLT1|IL5|OPRM1|SLC16A4|HPGDS,-0.79,Ccdc115
Cell Type Signatures,7,M39255,MENON FETAL KIDNEY 5 PROXIMAL TUBULE CELLS,,-3.8,10,6.4,30286,112,134,5,3.7,1.6,808|5094|23767|57142|552889,CALM3|PCBP2|FLRT3|RTN4|ATXN7L3B,-0.78,Ccdc115
DisGeNET,35,C0240310,Hypoplasia of the maxilla,,-3.8,10,6.4,30286,113,134,5,3.7,1.6,2263|4998|5000|7314|7337,FGFR2|ORC1|ORC4|UBB|UBE3A,-0.78,Ccdc115
DisGeNET,35,C0027796,Neuralgia,,-3.8,3.5,4.7,30286,766,134,12,9,2.5,285|2246|2857|3357|4747|4988|5354|5734|7534|23767|64805|388015,ANGPT2|FGF1|GPR34|HTR2B|NEFL|OPRM1|PLP1|PTGER4|YWHAZ|FLRT3|P2RY12|RTL1,-0.77,Ccdc115
DisGeNET,35,C0012833,Dizziness,,-3.7,14,7,30286,64,134,4,3,1.5,3769|4907|4988|26136,KCNJ13|NT5E|OPRM1|TES,-0.72,Ccdc115
DisGeNET,35,C0020452,Hyperemia,,-3.7,14,7,30286,64,134,4,3,1.5,285|4907|7010|64805,ANGPT2|NT5E|TEK|P2RY12,-0.72,Ccdc115
DisGeNET,35,C0025500,Mesothelioma,,-3.7,4,4.8,30286,559,134,10,7.5,2.3,285|808|2246|2263|2321|4067|4907|7010|23741|27306,ANGPT2|CALM3|FGF1|FGFR2|FLT1|LYN|NT5E|TEK|EID1|HPGDS,-0.71,Ccdc115
DisGeNET,35,C0004936,Mental disorders,,-3.7,3.4,4.6,30286,789,134,12,9,2.5,52|71|367|808|2263|2823|4747|4988|10846|27306|55840|93986,ACP1|ACTG1|AR|CALM3|FGFR2|GPM6A|NEFL|OPRM1|PDE10A|HPGDS|EAF2|FOXP2,-0.71,Ccdc115
DisGeNET,35,C0042133,Uterine Fibroids,,-3.6,4,4.8,30286,569,134,10,7.5,2.3,52|71|285|367|3151|5354|26136|27306|27328|57142,ACP1|ACTG1|ANGPT2|AR|HMGN2|PLP1|TES|HPGDS|PCDH11X|RTN4,-0.68,Ccdc115
DisGeNET,35,C0279628,Adenocarcinoma Of Esophagus,,-3.6,4.4,4.9,30286,467,134,9,6.7,2.2,367|443|1540|2246|2321|5734|7534|9122|27306,AR|ASPA|CYLD|FGF1|FLT1|PTGER4|YWHAZ|SLC16A4|HPGDS,-0.68,Ccdc115
COVID,200,COVID198,Ubiquitinome_Stukalov_A549-ACE2_24h_Down,,-3.6,6.9,5.5,30286,196,134,6,4.5,1.8,226|3006|7529|7534|8452|11164,ALDOA|H1-2|YWHAB|YWHAZ|CUL3|NUDT5,-0.68,Ccdc115
DisGeNET,35,C0007785,Cerebral Infarction,,-3.6,3.6,4.6,30286,687,134,11,8.2,2.4,285|2321|4988|6613|7010|7534|9068|27306|27429|57142|64805,ANGPT2|FLT1|OPRM1|SUMO2|TEK|YWHAZ|ANGPTL1|HPGDS|HTRA2|RTN4|P2RY12,-0.68,Ccdc115
DisGeNET,35,C2919945,Cavernous Hemangioma of Brain,,-3.6,8.9,5.9,30286,127,134,5,3.7,1.6,285|808|2321|6019|7010,ANGPT2|CALM3|FLT1|RLN2|TEK,-0.67,Ccdc115
DisGeNET,35,C0349204,Nonorganic psychosis,,-3.6,4.8,5,30286,376,134,8,6,2,71|212|2263|4988|7337|10846|27328|347730,ACTG1|ALAS2|FGFR2|OPRM1|UBE3A|PDE10A|PCDH11X|LRRTM1,-0.65,Ccdc115
DisGeNET,35,C0014588,Epispadias,,-3.5,23,7.9,30286,30,134,3,2.2,1.3,367|4998|5000,AR|ORC1|ORC4,-0.61,Ccdc115
DisGeNET,35,C0024408,Machado-Joseph Disease,,-3.5,8.4,5.7,30286,135,134,5,3.7,1.6,52|367|4747|7314|29978,ACP1|AR|NEFL|UBB|UBQLN2,-0.58,Ccdc115
DisGeNET,35,C0236642,Pick Disease of the Brain,,-3.4,6.4,5.2,30286,213,134,6,4.5,1.8,4747|5094|7314|27306|29978|93986,NEFL|PCBP2|UBB|HPGDS|UBQLN2|FOXP2,-0.55,Ccdc115
COVID,200,COVID024,RNA_Keller_B-cells-Infected_CD21pos_Up,,-3.4,5.3,5,30286,300,134,7,5.2,1.9,1687|2321|4907|5734|9934|10758|84707,GSDME|FLT1|NT5E|PTGER4|P2RY14|TRAF3IP2|BEX2,-0.55,Ccdc115
COVID,200,COVID039,RNA_Sun_Calu-3_24h_Down,,-3.4,5.3,5,30286,300,134,7,5.2,1.9,71|3326|4869|7529|7534|57142|79184,ACTG1|HSP90AB1|NPM1|YWHAB|YWHAZ|RTN4|BRCC3,-0.55,Ccdc115
DisGeNET,35,C0041316,Lymph Node Tuberculosis,,-3.4,21,7.5,30286,33,134,3,2.2,1.3,285|3567|7010,ANGPT2|IL5|TEK,-0.54,Ccdc115
DisGeNET,35,C0206734,Hemangioblastoma,,-3.4,11,6.2,30286,79,134,4,3,1.5,285|2246|2321|7010,ANGPT2|FGF1|FLT1|TEK,-0.54,Ccdc115
DisGeNET,35,C0220641,Lip and Oral Cavity Carcinoma,,-3.4,3.4,4.4,30286,734,134,11,8.2,2.4,367|2321|4869|4988|5094|7534|9122|11259|23452|27306|27329,AR|FLT1|NPM1|OPRM1|PCBP2|YWHAZ|SLC16A4|FILIP1L|ANGPTL2|HPGDS|ANGPTL3,-0.54,Ccdc115
Cell Type Signatures,7,M40222,DESCARTES FETAL KIDNEY STROMAL CELLS,,-3.3,7.7,5.4,30286,146,134,5,3.7,1.6,5354|9068|23452|91851|93986,PLP1|ANGPTL1|ANGPTL2|CHRDL1|FOXP2,-0.5,Ccdc115
DisGeNET,35,C0566899,Small labia majora,,-3.3,19,7.3,30286,35,134,3,2.2,1.3,2263|4998|5000,FGFR2|ORC1|ORC4,-0.5,Ccdc115
Cell Type Signatures,7,M39099,ZHONG PFC C4 PTGDS POS OPC,,-3.3,7.7,5.4,30286,147,134,5,3.7,1.6,5354|23452|27328|84899|347730,PLP1|ANGPTL2|PCDH11X|TMTC4|LRRTM1,-0.5,Ccdc115
DisGeNET,35,C0153381,Malignant neoplasm of mouth,,-3.3,3.3,4.2,30286,756,134,11,8.2,2.4,367|2321|4869|4988|5094|7534|9122|11259|23452|27306|27329,AR|FLT1|NPM1|OPRM1|PCBP2|YWHAZ|SLC16A4|FILIP1L|ANGPTL2|HPGDS|ANGPTL3,-0.47,Ccdc115
COVID,200,COVID257,RNA_Wilk_CD14+Monocytes_patient-C6_Down,,-3.2,11,5.9,30286,86,134,4,3,1.5,3326|5094|10209|25957,HSP90AB1|PCBP2|EIF1|PNISR,-0.45,Ccdc115
DisGeNET,35,C0266013,Congenital hypoplasia of breast,,-3.2,18,6.9,30286,38,134,3,2.2,1.3,4998|5000|23767,ORC1|ORC4|FLRT3,-0.44,Ccdc115
DisGeNET,35,C0265950,Venous malformation,,-3.2,18,6.9,30286,38,134,3,2.2,1.3,285|367|7010,ANGPT2|AR|TEK,-0.44,Ccdc115
DisGeNET,35,C0014553,Absence Epilepsy,,-3.2,10,5.8,30286,88,134,4,3,1.5,3326|4988|7337|7534,HSP90AB1|OPRM1|UBE3A|YWHAZ,-0.44,Ccdc115
Cell Type Signatures,7,M39064,MANNO MIDBRAIN NEUROTYPES HNBML1,,-3.2,4.8,4.6,30286,328,134,7,5.2,1.9,443|1687|2742|2823|10388|27328|93986,ASPA|GSDME|GLRA2|GPM6A|SYCP2|PCDH11X|FOXP2,-0.44,Ccdc115
DisGeNET,35,C0700636,Focal nodular hyperplasia of liver,,-3.2,17,6.8,30286,39,134,3,2.2,1.3,285|367|7010,ANGPT2|AR|TEK,-0.44,Ccdc115
DisGeNET,35,C2937220,Congenital abnormality of vein,,-3.2,17,6.8,30286,39,134,3,2.2,1.3,285|367|7010,ANGPT2|AR|TEK,-0.44,Ccdc115
DisGeNET,35,C3711376,Isodicentric Chromosome 15 Syndrome,,-3.2,17,6.8,30286,39,134,3,2.2,1.3,5354|7337|388015,PLP1|UBE3A|RTL1,-0.44,Ccdc115
DisGeNET,35,C3811653,Experimental Organism Basal Cell Carcinoma,,-3.1,4.1,4.4,30286,437,134,8,6,2,367|1540|2263|2321|4907|7010|27306|128344,AR|CYLD|FGFR2|FLT1|NT5E|TEK|HPGDS|CIMAP3,-0.43,Ccdc115
DisGeNET,35,C0730285,Diabetic macular edema,,-3.1,9.8,5.7,30286,92,134,4,3,1.5,285|2321|3567|7010,ANGPT2|FLT1|IL5|TEK,-0.43,Ccdc115
Cell Type Signatures,7,M41714,FAN OVARY CL12 T LYMPHOCYTE NK CELL 2,,-3.1,7,5.1,30286,161,134,5,3.7,1.6,2124|7314|7529|10209|51714,EVI2B|UBB|YWHAB|EIF1|SELENOT,-0.43,Ccdc115
DisGeNET,35,C0004606,Nonproliferative diabetic retinopathy,,-3.1,17,6.6,30286,41,134,3,2.2,1.3,285|2246|27329,ANGPT2|FGF1|ANGPTL3,-0.43,Ccdc115
DisGeNET,35,C1292779,Myelodysplastic Syndrome with Isolated del(5q),,-3.1,17,6.6,30286,41,134,3,2.2,1.3,2246|3567|4869,FGF1|IL5|NPM1,-0.43,Ccdc115
Cell Type Signatures,7,M41706,FAN OVARY CL4 T LYMPHOCYTE NK CELL 1,,-3.1,5.5,4.7,30286,246,134,6,4.5,1.8,4809|7314|7529|7534|10209|51714,SNU13|UBB|YWHAB|YWHAZ|EIF1|SELENOT,-0.43,Ccdc115
Cell Type Signatures,7,M39256,MENON FETAL KIDNEY 6 COLLECTING DUCT CELLS,,-3.1,9.6,5.6,30286,94,134,4,3,1.5,10209|28958|57142|60592,EIF1|COA3|RTN4|SCOC,-0.43,Ccdc115
DisGeNET,35,C0007140,Carcinosarcoma,,-3.1,9.6,5.6,30286,94,134,4,3,1.5,285|367|2263|7150,ANGPT2|AR|FGFR2|TOP1,-0.43,Ccdc115
DisGeNET,35,C0030499,Parasitic Diseases,,-3.1,6.9,5,30286,164,134,5,3.7,1.6,52|3567|7150|27306|51714,ACP1|IL5|TOP1|HPGDS|SELENOT,-0.43,Ccdc115
Cell Type Signatures,7,M41746,RUBENSTEIN SKELETAL MUSCLE SMOOTH MUSCLE CELLS,,-3.1,4.1,4.3,30286,445,134,8,6,2,226|808|830|3151|4869|7314|11259|23741,ALDOA|CALM3|CAPZA2|HMGN2|NPM1|UBB|FILIP1L|EID1,-0.43,Ccdc115
DisGeNET,35,C0158266,Intervertebral Disc Degeneration,,-3.1,4.6,4.5,30286,342,134,7,5.2,1.9,285|367|6613|7529|7534|10209|203547,ANGPT2|AR|SUMO2|YWHAB|YWHAZ|EIF1|VMA21,-0.43,Ccdc115
Cell Type Signatures,7,M39267,HU FETAL RETINA MULLER,,-3.1,16,6.5,30286,42,134,3,2.2,1.3,5354|9068|57142,PLP1|ANGPTL1|RTN4,-0.43,Ccdc115
DisGeNET,35,C1802398,"Chromosome 5, trisomy 5q",,-3.1,16,6.5,30286,42,134,3,2.2,1.3,2246|3567|4869,FGF1|IL5|NPM1,-0.43,Ccdc115
TRRUST,34,TRR01051,Regulated by: POU2F1,,-3.1,16,6.5,30286,42,134,3,2.2,1.3,367|3567|27306,AR|IL5|HPGDS,-0.43,Ccdc115
DisGeNET,35,C0033975,Psychotic Disorders,,-3,3.6,4.2,30286,560,134,9,6.7,2.2,71|212|2263|4988|7337|10846|27306|27328|347730,ACTG1|ALAS2|FGFR2|OPRM1|UBE3A|PDE10A|HPGDS|PCDH11X|LRRTM1,-0.42,Ccdc115
DisGeNET,35,C4551488,Bifid uvula,,-3,9.3,5.5,30286,97,134,4,3,1.5,2263|4998|5000|7314,FGFR2|ORC1|ORC4|UBB,-0.41,Ccdc115
DisGeNET,35,C0024530,Malaria,,-3,3.3,4.1,30286,683,134,10,7.5,2.3,52|71|285|443|2321|3567|4998|5354|10758|27306,ACP1|ACTG1|ANGPT2|ASPA|FLT1|IL5|ORC1|PLP1|TRAF3IP2|HPGDS,-0.41,Ccdc115
DisGeNET,35,C0235946,Cerebral atrophy,,-3,4,4.3,30286,454,134,8,6,2,443|2246|4747|5354|27306|27429|57531|124512,ASPA|FGF1|NEFL|PLP1|HPGDS|HTRA2|HACE1|METTL23,-0.41,Ccdc115
PaGenBase,36,PGB:00065,Cell-specific: DRG,,-3,4,4.3,30286,455,134,8,6,2,443|2246|3357|4747|5354|8633|9934|91851,ASPA|FGF1|HTR2B|NEFL|PLP1|UNC5C|P2RY14|CHRDL1,-0.41,Ccdc115
DisGeNET,35,C1866190,Atresia of the external auditory canal,,-3,15,6.4,30286,44,134,3,2.2,1.3,2263|4998|5000,FGFR2|ORC1|ORC4,-0.41,Ccdc115
TRRUST,34,TRR00484,Regulated by: HIF1A,,-3,9.1,5.4,30286,99,134,4,3,1.5,212|226|367|4907,ALAS2|ALDOA|AR|NT5E,-0.41,Ccdc115
DisGeNET,35,C1845977,X- linked recessive,,-3,6.6,4.9,30286,172,134,5,3.7,1.6,212|367|5354|91851|203547,ALAS2|AR|PLP1|CHRDL1|VMA21,-0.4,Ccdc115
COVID,200,COVID201,Ubiquitinome_Stukalov_A549-ACE2_6h_Up,,-3,9,5.4,30286,100,134,4,3,1.5,226|3006|3326|4869,ALDOA|H1-2|HSP90AB1|NPM1,-0.4,Ccdc115
DisGeNET,35,C0004045,Asphyxia Neonatorum,,-3,15,6.3,30286,45,134,3,2.2,1.3,2321|4747|27429,FLT1|NEFL|HTRA2,-0.4,Ccdc115
DisGeNET,35,C0740302,5q-syndrome,,-3,15,6.3,30286,45,134,3,2.2,1.3,2246|3567|4869,FGF1|IL5|NPM1,-0.4,Ccdc115
DisGeNET,35,C2931852,Clear-cell metastatic renal cell carcinoma,,-3,5.2,4.6,30286,260,134,6,4.5,1.8,226|285|367|4907|7010|8633,ALDOA|ANGPT2|AR|NT5E|TEK|UNC5C,-0.39,Ccdc115
DisGeNET,35,C0686377,CNS metastases,,-3,8.9,5.3,30286,102,134,4,3,1.5,367|443|4907|388015,AR|ASPA|NT5E|RTL1,-0.39,Ccdc115
DisGeNET,35,C0344530,Congenital keratoglobus,,-3,15,6.2,30286,46,134,3,2.2,1.3,2263|7010|91851,FGFR2|TEK|CHRDL1,-0.39,Ccdc115
DisGeNET,35,C3469521,"FANCONI ANEMIA, COMPLEMENTATION GROUP A (disorder)",,-2.9,4.4,4.3,30286,359,134,7,5.2,1.9,52|367|4809|4869|4988|7150|27306,ACP1|AR|SNU13|NPM1|OPRM1|TOP1|HPGDS,-0.39,Ccdc115
DisGeNET,35,C0027708,Nephroblastoma,,-2.9,3.5,4,30286,586,134,9,6.7,2.2,367|2742|4747|4869|26136|27306|27429|29119|57531,AR|GLRA2|NEFL|NPM1|TES|HPGDS|HTRA2|CTNNA3|HACE1,-0.36,Ccdc115
DisGeNET,35,C1292778,Chronic myeloproliferative disorder,,-2.9,4.3,4.3,30286,366,134,7,5.2,1.9,367|4067|4869|4998|5000|7010|64805,AR|LYN|NPM1|ORC1|ORC4|TEK|P2RY12,-0.36,Ccdc115
DisGeNET,35,C0221765,Chronic schizophrenia,,-2.9,14,6.1,30286,48,134,3,2.2,1.3,808|57142|93986,CALM3|RTN4|FOXP2,-0.36,Ccdc115
DisGeNET,35,C0026703,Mucopolysaccharidoses,,-2.9,14,6.1,30286,48,134,3,2.2,1.3,212|1540|4907,ALAS2|CYLD|NT5E,-0.36,Ccdc115
COVID,200,COVID371,Interactome_Laurent_HEK293_24h_NSP15,,-2.9,8.5,5.2,30286,106,134,4,3,1.5,658|10758|23283|27429,BMPR1B|TRAF3IP2|CSTF2T|HTRA2,-0.36,Ccdc115
DisGeNET,35,C4551584,Brain atrophy,,-2.9,6.2,4.7,30286,182,134,5,3.7,1.6,443|2246|4747|5354|27306,ASPA|FGF1|NEFL|PLP1|HPGDS,-0.36,Ccdc115
DisGeNET,35,C0856169,Endothelial dysfunction,,-2.9,3.2,3.9,30286,716,134,10,7.5,2.3,285|808|2321|4907|6019|6613|9122|10758|23452|64805,ANGPT2|CALM3|FLT1|NT5E|RLN2|SUMO2|SLC16A4|TRAF3IP2|ANGPTL2|P2RY12,-0.36,Ccdc115
DisGeNET,35,C0346153,"Breast Cancer, Familial",,-2.9,6.2,4.7,30286,183,134,5,3.7,1.6,285|367|2263|7010|27306,ANGPT2|AR|FGFR2|TEK|HPGDS,-0.36,Ccdc115
DisGeNET,35,C0155877,Allergic asthma,,-2.9,4.3,4.2,30286,371,134,7,5.2,1.9,3567|4907|7534|8528|10803|26136|27306,IL5|NT5E|YWHAZ|DDO|CCR9|TES|HPGDS,-0.36,Ccdc115
Cell Type Signatures,7,M41669,TRAVAGLINI LUNG BRONCHIAL VESSEL 2 CELL,,-2.9,5,4.4,30286,272,134,6,4.5,1.8,71|3187|3326|4869|10209|257415,ACTG1|HNRNPH1|HSP90AB1|NPM1|EIF1|FAM133B,-0.36,Ccdc115
DisGeNET,35,C0242994,Hantavirus Infections,,-2.9,8.4,5.1,30286,108,134,4,3,1.5,285|7010|64805|283652,ANGPT2|TEK|P2RY12|SLC24A5,-0.36,Ccdc115
Cell Type Signatures,7,M39135,AIZARANI LIVER C39 EPCAM POS BILE DUCT CELLS 4,,-2.9,6.1,4.7,30286,184,134,5,3.7,1.6,71|2263|3326|11228|57142,ACTG1|FGFR2|HSP90AB1|RASSF8|RTN4,-0.36,Ccdc115
DisGeNET,35,C0085084,Motor Neuron Disease,,-2.8,6.1,4.6,30286,186,134,5,3.7,1.6,367|4747|4907|29978|220988,AR|NEFL|NT5E|UBQLN2|HNRNPA3,-0.34,Ccdc115
DisGeNET,35,C0041948,Uremia,,-2.8,8.2,5.1,30286,110,134,4,3,1.5,285|2321|3184|7010,ANGPT2|FLT1|HNRNPD|TEK,-0.34,Ccdc115
DisGeNET,35,C0010278,Craniosynostosis,,-2.8,3.7,4,30286,488,134,8,6,2,808|2263|3567|4907|4998|5000|5734|27306,CALM3|FGFR2|IL5|NT5E|ORC1|ORC4|PTGER4|HPGDS,-0.33,Ccdc115
DisGeNET,35,C0009241,Cognition Disorders,,-2.8,3.4,3.9,30286,606,134,9,6.7,2.2,367|7337|7534|9037|10846|29978|91851|93986|388015,AR|UBE3A|YWHAZ|SEMA5A|PDE10A|UBQLN2|CHRDL1|FOXP2|RTL1,-0.33,Ccdc115
DisGeNET,35,C0024305,"Lymphoma, Non-Hodgkin",,-2.8,3.1,3.8,30286,733,134,10,7.5,2.3,367|808|2321|2857|3567|4869|5000|9963|10803|27306,AR|CALM3|FLT1|GPR34|IL5|NPM1|ORC4|SLC23A1|CCR9|HPGDS,-0.31,Ccdc115
DisGeNET,35,C1336905,Endometrial Endometrioid Adenocarcinoma,,-2.8,13,5.7,30286,53,134,3,2.2,1.3,285|367|1540,ANGPT2|AR|CYLD,-0.3,Ccdc115
DisGeNET,35,C1384666,hearing impairment,,-2.8,3.1,3.8,30286,739,134,10,7.5,2.3,71|443|1687|2263|3769|4747|4907|4998|5000|27306,ACTG1|ASPA|GSDME|FGFR2|KCNJ13|NEFL|NT5E|ORC1|ORC4|HPGDS,-0.3,Ccdc115
DisGeNET,35,C4086152,Childhood Astrocytoma,,-2.8,3.3,3.9,30286,615,134,9,6.7,2.2,285|4747|4869|5354|7010|7534|8452|27306|64805,ANGPT2|NEFL|NPM1|PLP1|TEK|YWHAZ|CUL3|HPGDS|P2RY12,-0.3,Ccdc115
DisGeNET,35,C0733682,"Hypophosphatemic Rickets, X-Linked Dominant",,-2.7,13,5.7,30286,54,134,3,2.2,1.3,367|2742|4907,AR|GLRA2|NT5E,-0.29,Ccdc115
DisGeNET,35,C1827293,"Carcinoma of urinary bladder, invasive",,-2.7,4.7,4.2,30286,287,134,6,4.5,1.8,367|2321|7534|8633|9122|27306,AR|FLT1|YWHAZ|UNC5C|SLC16A4|HPGDS,-0.29,Ccdc115
DisGeNET,35,C0085109,Corneal Neovascularization,,-2.7,7.7,4.9,30286,117,134,4,3,1.5,285|2321|7010|9068,ANGPT2|FLT1|TEK|ANGPTL1,-0.28,Ccdc115
Cell Type Signatures,7,M40251,DESCARTES FETAL MUSCLE SCHWANN CELLS,,-2.7,7.7,4.9,30286,117,134,4,3,1.5,443|5354|23767|347730,ASPA|PLP1|FLRT3|LRRTM1,-0.28,Ccdc115
Cell Type Signatures,7,M41750,RUBENSTEIN SKELETAL MUSCLE FBN1 FAP CELLS,,-2.7,4.7,4.2,30286,289,134,6,4.5,1.8,71|226|3858|10209|57142|91851,ACTG1|ALDOA|KRT10|EIF1|RTN4|CHRDL1,-0.28,Ccdc115
COVID,200,COVID245,RNA_Wilk_CD14+Monocytes_patient-C1A-mild_Down,,-2.7,12,5.6,30286,55,134,3,2.2,1.3,71|5094|10209,ACTG1|PCBP2|EIF1,-0.28,Ccdc115
DisGeNET,35,C0015625,Fanconi Anemia,,-2.7,4,4,30286,393,134,7,5.2,1.9,52|367|4809|4869|4988|7150|27306,ACP1|AR|SNU13|NPM1|OPRM1|TOP1|HPGDS,-0.28,Ccdc115
DisGeNET,35,C0007114,Malignant neoplasm of skin,,-2.7,3.6,3.9,30286,507,134,8,6,2,71|367|808|1540|2263|2321|3858|27306,ACTG1|AR|CALM3|CYLD|FGFR2|FLT1|KRT10|HPGDS,-0.28,Ccdc115
Cell Type Signatures,7,M39037,FAN EMBRYONIC CTX OLIG,,-2.7,3,3.7,30286,754,134,10,7.5,2.3,443|1540|2263|3006|5354|8633|29119|57142|57515|84899,ASPA|CYLD|FGFR2|H1-2|PLP1|UNC5C|CTNNA3|RTN4|SERINC1|TMTC4,-0.27,Ccdc115
Cell Type Signatures,7,M41652,TRAVAGLINI LUNG PROXIMAL BASAL CELL,,-2.7,3.2,3.8,30286,629,134,9,6.7,2.2,226|4869|5094|6613|9037|23682|23741|25957|220988,ALDOA|NPM1|PCBP2|SUMO2|SEMA5A|RAB38|EID1|PNISR|HNRNPA3,-0.27,Ccdc115
DisGeNET,35,C0276447,Rhinovirus infection,,-2.7,5.6,4.4,30286,202,134,5,3.7,1.6,3184|3567|4907|5094|27306,HNRNPD|IL5|NT5E|PCBP2|HPGDS,-0.25,Ccdc115
DisGeNET,35,C0270736,Essential Tremor,,-2.7,7.4,4.7,30286,122,134,4,3,1.5,808|27306|27429|29119,CALM3|HPGDS|HTRA2|CTNNA3,-0.25,Ccdc115
DisGeNET,35,C0013080,Down Syndrome,,-2.7,3,3.7,30286,765,134,10,7.5,2.3,443|2321|4747|4869|4907|7314|7337|23452|27306|388015,ASPA|FLT1|NEFL|NPM1|NT5E|UBB|UBE3A|ANGPTL2|HPGDS|RTL1,-0.24,Ccdc115
DisGeNET,35,C4025272,Peripheral arterial stenosis,,-2.6,7.3,4.7,30286,124,134,4,3,1.5,285|367|2246|64805,ANGPT2|AR|FGF1|P2RY12,-0.23,Ccdc115
DisGeNET,35,C0030486,Paraplegia,,-2.6,11,5.4,30286,59,134,3,2.2,1.3,367|5354|23767,AR|PLP1|FLRT3,-0.23,Ccdc115
DisGeNET,35,C0270921,Axonal neuropathy,,-2.6,11,5.4,30286,59,134,3,2.2,1.3,4747|5354|7150,NEFL|PLP1|TOP1,-0.23,Ccdc115
DisGeNET,35,C0020302,Hydrophthalmos,,-2.6,11,5.3,30286,60,134,3,2.2,1.3,367|2263|7010,AR|FGFR2|TEK,-0.23,Ccdc115
COVID,200,COVID166,Proteome_Stukalov_A549_72h_NSP8_Down,,-2.6,11,5.3,30286,60,134,3,2.2,1.3,7534|8452|25957,YWHAZ|CUL3|PNISR,-0.23,Ccdc115
DisGeNET,35,C0024537,"Malaria, Vivax",,-2.6,11,5.3,30286,60,134,3,2.2,1.3,71|285|27306,ACTG1|ANGPT2|HPGDS,-0.23,Ccdc115
Cell Type Signatures,7,M39251,MENON FETAL KIDNEY 1 EMBRYONIC RED BLOOD CELLS,,-2.6,7.2,4.6,30286,126,134,4,3,1.5,4869|5094|6613|7314,NPM1|PCBP2|SUMO2|UBB,-0.23,Ccdc115
DisGeNET,35,C0162835,Hypopigmentation disorder,,-2.6,7.2,4.6,30286,126,134,4,3,1.5,7337|23682|283652|388015,UBE3A|RAB38|SLC24A5|RTL1,-0.23,Ccdc115
DisGeNET,35,C0021831,Intestinal Diseases,,-2.6,5.4,4.3,30286,209,134,5,3.7,1.6,3567|4988|9122|27306|93986,IL5|OPRM1|SLC16A4|HPGDS|FOXP2,-0.23,Ccdc115
DisGeNET,35,C0270824,Visual seizure,,-2.6,5.4,4.3,30286,209,134,5,3.7,1.6,4988|5354|7529|7534|57142,OPRM1|PLP1|YWHAB|YWHAZ|RTN4,-0.23,Ccdc115
Cell Type Signatures,7,M40025,BUSSLINGER DUODENAL DIFFERENTIATING STEM CELLS,,-2.6,4.4,4,30286,305,134,6,4.5,1.8,71|3184|3326|4869|7529|7534,ACTG1|HNRNPD|HSP90AB1|NPM1|YWHAB|YWHAZ,-0.23,Ccdc115
DisGeNET,35,C1153706,Endometrial adenocarcinoma,,-2.6,5.3,4.2,30286,212,134,5,3.7,1.6,367|1540|2263|5734|9122,AR|CYLD|FGFR2|PTGER4|SLC16A4,-0.21,Ccdc115
DisGeNET,35,C0340076,Asthmatic pulmonary eosinophilia,,-2.6,11,5.2,30286,62,134,3,2.2,1.3,3567|10758|64805,IL5|TRAF3IP2|P2RY12,-0.21,Ccdc115
DisGeNET,35,C2733158,Cerebral Small Vessel Diseases,,-2.6,11,5.2,30286,62,134,3,2.2,1.3,285|3769|4747,ANGPT2|KCNJ13|NEFL,-0.21,Ccdc115
DisGeNET,35,C1847514,Postnatal microcephaly,,-2.6,11,5.2,30286,62,134,3,2.2,1.3,71|7337|27429,ACTG1|UBE3A|HTRA2,-0.21,Ccdc115
DisGeNET,35,C0156394,Hypertrophy of clitoris,,-2.6,11,5.2,30286,63,134,3,2.2,1.3,2263|4998|5000,FGFR2|ORC1|ORC4,-0.2,Ccdc115
DisGeNET,35,C0014599,Epithelial hyperplasia,,-2.6,11,5.2,30286,63,134,3,2.2,1.3,3567|7337|55840,IL5|UBE3A|EAF2,-0.2,Ccdc115
Cell Type Signatures,7,M41720,FAN OVARY CL18 B LYMPHOCYTE,,-2.6,3.7,3.8,30286,422,134,7,5.2,1.9,2124|3006|7150|7534|26136|51714|79161,EVI2B|H1-2|TOP1|YWHAZ|TES|SELENOT|TMEM243,-0.19,Ccdc115
DisGeNET,35,C2350236,Idiopathic Interstitial Pneumonias,,-2.5,11,5.1,30286,64,134,3,2.2,1.3,285|3184|5094,ANGPT2|HNRNPD|PCBP2,-0.18,Ccdc115
DisGeNET,35,C4552766,Miscarriage,,-2.5,3.7,3.8,30286,426,134,7,5.2,1.9,285|1540|2263|2321|4907|23767|27306,ANGPT2|CYLD|FGFR2|FLT1|NT5E|FLRT3|HPGDS,-0.18,Ccdc115
DisGeNET,35,C4521042,Complete Trisomy 21 Syndrome,,-2.5,3,3.6,30286,668,134,9,6.7,2.2,443|2321|4747|4869|4907|7314|7337|23452|27306,ASPA|FLT1|NEFL|NPM1|NT5E|UBB|UBE3A|ANGPTL2|HPGDS,-0.18,Ccdc115
DisGeNET,35,C4551689,Sleep-Disordered Breathing,,-2.5,10,5.1,30286,65,134,3,2.2,1.3,71|367|4747,ACTG1|AR|NEFL,-0.18,Ccdc115
DisGeNET,35,C0878773,Overactive Bladder,,-2.5,10,5.1,30286,65,134,3,2.2,1.3,4747|7010|64805,NEFL|TEK|P2RY12,-0.18,Ccdc115
DisGeNET,35,C0010709,Cyst,,-2.5,5.1,4.1,30286,221,134,5,3.7,1.6,285|367|2321|3567|4907,ANGPT2|AR|FLT1|IL5|NT5E,-0.17,Ccdc115
DisGeNET,35,C0035222,"Respiratory Distress Syndrome, Adult",,-2.5,3.6,3.7,30286,434,134,7,5.2,1.9,285|4907|4988|7010|7534|23452|27306,ANGPT2|NT5E|OPRM1|TEK|YWHAZ|ANGPTL2|HPGDS,-0.15,Ccdc115
COVID,200,COVID109,Interactome_Stukalov_A549_72h_M,,-2.5,6.6,4.4,30286,138,134,4,3,1.5,5000|9122|57142|84899,ORC4|SLC16A4|RTN4|TMTC4,-0.14,Ccdc115
DisGeNET,35,C4721806,"Carcinoma, Basal Cell",,-2.5,3.2,3.6,30286,557,134,8,6,2,367|1540|2263|2321|4907|7010|27306|128344,AR|CYLD|FGFR2|FLT1|NT5E|TEK|HPGDS|CIMAP3,-0.13,Ccdc115
DisGeNET,35,C0007758,Cerebellar Ataxia,,-2.5,3.6,3.7,30286,440,134,7,5.2,1.9,212|367|808|4747|7150|7337|552889,ALAS2|AR|CALM3|NEFL|TOP1|UBE3A|ATXN7L3B,-0.12,Ccdc115
DisGeNET,35,C1842083,Abnormality of the ribs,,-2.4,9.8,4.9,30286,69,134,3,2.2,1.3,2263|4998|5000,FGFR2|ORC1|ORC4,-0.12,Ccdc115
DisGeNET,35,C0282612,Prostatic Intraepithelial Neoplasias,,-2.4,4.9,4,30286,230,134,5,3.7,1.6,367|2321|4747|27306|55840,AR|FLT1|NEFL|HPGDS|EAF2,-0.12,Ccdc115
Cell Type Signatures,7,M41713,FAN OVARY CL11 MURAL GRANULOSA CELL,,-2.4,3.6,3.6,30286,443,134,7,5.2,1.9,71|3184|3326|11259|26136|57142|84707,ACTG1|HNRNPD|HSP90AB1|FILIP1L|TES|RTN4|BEX2,-0.12,Ccdc115
DisGeNET,35,C0085281,Addictive Behavior,,-2.4,4.1,3.8,30286,332,134,6,4.5,1.8,367|808|2263|3567|4988|9122,AR|CALM3|FGFR2|IL5|OPRM1|SLC16A4,-0.12,Ccdc115
DisGeNET,35,C3900098,Adult Myelodysplastic Syndrome,,-2.4,4.1,3.8,30286,332,134,6,4.5,1.8,285|367|2321|4869|27306|79184,ANGPT2|AR|FLT1|NPM1|HPGDS|BRCC3,-0.12,Ccdc115
DisGeNET,35,C0034068,Pulmonary Eosinophilia,,-2.4,9.7,4.9,30286,70,134,3,2.2,1.3,3567|10758|64805,IL5|TRAF3IP2|P2RY12,-0.12,Ccdc115
DisGeNET,35,C0017168,Gastroesophageal reflux disease,,-2.4,3.5,3.6,30286,446,134,7,5.2,1.9,443|1540|2321|4907|4998|5000|93986,ASPA|CYLD|FLT1|NT5E|ORC1|ORC4|FOXP2,-0.11,Ccdc115
DisGeNET,35,C0018133,Graft-vs-Host Disease,,-2.4,3.5,3.6,30286,447,134,7,5.2,1.9,285|3567|4869|4907|4988|10803|388015,ANGPT2|IL5|NPM1|NT5E|OPRM1|CCR9|RTL1,-0.11,Ccdc115
DisGeNET,35,C2347761,Childhood Myelodysplastic Syndrome,,-2.4,4,3.7,30286,335,134,6,4.5,1.8,285|367|2321|4869|27306|79184,ANGPT2|AR|FLT1|NPM1|HPGDS|BRCC3,-0.11,Ccdc115
Cell Type Signatures,7,M39168,MURARO PANCREAS ALPHA CELL,,-2.4,3.2,3.5,30286,568,134,8,6,2,3006|3151|4809|5532|5734|7314|28958|84707,H1-2|HMGN2|SNU13|PPP3CB|PTGER4|UBB|COA3|BEX2,-0.11,Ccdc115
DisGeNET,35,C0037772,Spastic Paraplegia,,-2.4,6.3,4.2,30286,144,134,4,3,1.5,808|5354|29978|57531,CALM3|PLP1|UBQLN2|HACE1,-0.11,Ccdc115
DisGeNET,35,C0376634,Craniofacial Abnormalities,,-2.4,4.8,3.9,30286,234,134,5,3.7,1.6,71|658|2263|7337|93986,ACTG1|BMPR1B|FGFR2|UBE3A|FOXP2,-0.11,Ccdc115
DisGeNET,35,C0151650,Renal fibrosis,,-2.4,3.2,3.5,30286,570,134,8,6,2,285|367|2263|4907|6019|8452|23452|27306,ANGPT2|AR|FGFR2|NT5E|RLN2|CUL3|ANGPTL2|HPGDS,-0.11,Ccdc115
DisGeNET,35,C0003872,"Arthritis, Psoriatic",,-2.4,3.5,3.6,30286,450,134,7,5.2,1.9,285|443|3151|7010|10758|23741|29119,ANGPT2|ASPA|HMGN2|TEK|TRAF3IP2|EID1|CTNNA3,-0.11,Ccdc115
DisGeNET,35,C1333015,Childhood Kidney Wilms Tumor,,-2.4,4,3.7,30286,338,134,6,4.5,1.8,367|4747|4869|26136|29119|57531,AR|NEFL|NPM1|TES|CTNNA3|HACE1,-0.11,Ccdc115
DisGeNET,35,C0278488,Carcinoma breast stage IV,,-2.4,3.2,3.5,30286,573,134,8,6,2,71|285|367|2263|4907|7150|9122|27306,ACTG1|ANGPT2|AR|FGFR2|NT5E|TOP1|SLC16A4|HPGDS,-0.11,Ccdc115
DisGeNET,35,C0013421,Dystonia,,-2.4,3.5,3.6,30286,453,134,7,5.2,1.9,4988|5354|10846|27429|29978|57531|124512,OPRM1|PLP1|PDE10A|HTRA2|UBQLN2|HACE1|METTL23,-0.1,Ccdc115
Cell Type Signatures,7,M40269,DESCARTES FETAL PANCREAS ENS GLIA,,-2.4,9.2,4.7,30286,74,134,3,2.2,1.3,443|5354|9122,ASPA|PLP1|SLC16A4,-0.089,Ccdc115
DisGeNET,35,C0029927,Ovarian Cysts,,-2.4,9.2,4.7,30286,74,134,3,2.2,1.3,2321|2857|5734,FLT1|GPR34|PTGER4,-0.089,Ccdc115
Cell Type Signatures,7,M39236,LAKE ADULT KIDNEY C17 COLLECTING SYSTEM PCS STRESSED DISSOC SUBSET,,-2.4,4.7,3.8,30286,240,134,5,3.7,1.6,71|658|7150|7534|57142,ACTG1|BMPR1B|TOP1|YWHAZ|RTN4,-0.089,Ccdc115
DisGeNET,35,C0026838,Muscle Spasticity,,-2.4,3.1,3.4,30286,580,134,8,6,2,367|443|4747|4988|5354|27429|29978|124512,AR|ASPA|NEFL|OPRM1|PLP1|HTRA2|UBQLN2|METTL23,-0.089,Ccdc115
Cell Type Signatures,7,M40010,BUSSLINGER GASTRIC ISTHMUS CELLS,,-2.4,3.5,3.5,30286,458,134,7,5.2,1.9,71|808|3326|7150|7529|7534|26136,ACTG1|CALM3|HSP90AB1|TOP1|YWHAB|YWHAZ|TES,-0.089,Ccdc115
DisGeNET,35,C0314719,Dryness of eye,,-2.4,6.1,4.1,30286,149,134,4,3,1.5,367|3567|27306|79184,AR|IL5|HPGDS|BRCC3,-0.089,Ccdc115
DisGeNET,35,C3665444,Neutrophilia (disorder),,-2.3,6,4.1,30286,150,134,4,3,1.5,367|3567|7010|10758,AR|IL5|TEK|TRAF3IP2,-0.082,Ccdc115
Cell Type Signatures,7,M40182,DESCARTES FETAL EYE SMOOTH MUSCLE CELLS,,-2.3,9,4.6,30286,75,134,3,2.2,1.3,443|23682|203547,ASPA|RAB38|VMA21,-0.082,Ccdc115
Cell Type Signatures,7,M39068,MANNO MIDBRAIN NEUROTYPES HDA1,,-2.3,3.1,3.4,30286,584,134,8,6,2,1687|2742|2823|26136|55450|57515|93986|408263,GSDME|GLRA2|GPM6A|TES|CAMK2N1|SERINC1|FOXP2|FNDC9,-0.082,Ccdc115
DisGeNET,35,C0001175,Acquired Immunodeficiency Syndrome,,-2.3,4.7,3.8,30286,243,134,5,3.7,1.6,367|2246|3567|4988|23452,AR|FGF1|IL5|OPRM1|ANGPTL2,-0.08,Ccdc115
DisGeNET,35,C0334533,Arteriovenous hemangioma,,-2.3,8.9,4.6,30286,76,134,3,2.2,1.3,285|2321|7010,ANGPT2|FLT1|TEK,-0.073,Ccdc115
DisGeNET,35,C0302142,Deformity,,-2.3,3.9,3.6,30286,350,134,6,4.5,1.8,71|285|658|2263|5354|7010,ACTG1|ANGPT2|BMPR1B|FGFR2|PLP1|TEK,-0.071,Ccdc115
DisGeNET,35,C0574785,Lower Urinary Tract Symptoms,,-2.3,8.8,4.6,30286,77,134,3,2.2,1.3,367|2263|64805,AR|FGFR2|P2RY12,-0.062,Ccdc115
DisGeNET,35,C1510472,Drug Dependence,,-2.3,4.6,3.7,30286,248,134,5,3.7,1.6,367|4869|4988|27306|29119,AR|NPM1|OPRM1|HPGDS|CTNNA3,-0.058,Ccdc115
DisGeNET,35,C1868684,"EAR, PATELLA, SHORT STATURE SYNDROME",,-2.3,8.7,4.5,30286,78,134,3,2.2,1.3,71|4998|5000,ACTG1|ORC1|ORC4,-0.058,Ccdc115
DisGeNET,35,C0087012,"Ataxia, Spinocerebellar",,-2.3,5.8,4,30286,155,134,4,3,1.5,212|367|4747|7150,ALAS2|AR|NEFL|TOP1,-0.058,Ccdc115
DisGeNET,35,C4733092,estrogen receptor-negative breast cancer,,-2.3,3.8,3.6,30286,356,134,6,4.5,1.8,285|367|2246|2263|2321|3326,ANGPT2|AR|FGF1|FGFR2|FLT1|HSP90AB1,-0.058,Ccdc115
DisGeNET,35,C0013238,Dry Eye Syndromes,,-2.3,5.8,4,30286,156,134,4,3,1.5,367|3567|27306|79184,AR|IL5|HPGDS|BRCC3,-0.058,Ccdc115
COVID,200,COVID200,Ubiquitinome_Stukalov_A549-ACE2_6h_Down,,-2.3,4.5,3.7,30286,250,134,5,3.7,1.6,71|226|3006|4869|8452,ACTG1|ALDOA|H1-2|NPM1|CUL3,-0.058,Ccdc115
Cell Type Signatures,7,M39048,MANNO MIDBRAIN NEUROTYPES BASAL,,-2.3,8.6,4.5,30286,79,134,3,2.2,1.3,71|6613|7314,ACTG1|SUMO2|UBB,-0.058,Ccdc115
DisGeNET,35,C0042025,Urinary Stress Incontinence,,-2.3,8.6,4.5,30286,79,134,3,2.2,1.3,71|367|10209,ACTG1|AR|EIF1,-0.058,Ccdc115
Cell Type Signatures,7,M40003,BUSSLINGER ESOPHAGEAL EARLY SUPRABASAL CELLS,,-2.3,8.6,4.5,30286,79,134,3,2.2,1.3,3184|3326|4869,HNRNPD|HSP90AB1|NPM1,-0.058,Ccdc115
Cell Type Signatures,7,M39033,FAN EMBRYONIC CTX ASTROCYTE 1,,-2.3,8.6,4.5,30286,79,134,3,2.2,1.3,4067|9068|91851,LYN|ANGPTL1|CHRDL1,-0.058,Ccdc115
DisGeNET,35,C0015230,Exanthema,,-2.3,4.5,3.7,30286,251,134,5,3.7,1.6,367|3567|7010|10758|27306,AR|IL5|TEK|TRAF3IP2|HPGDS,-0.058,Ccdc115
Cell Type Signatures,7,M41709,FAN OVARY CL7 ANGEIOGENIC ENDOTHELIAL CELL,,-2.3,4.5,3.7,30286,251,134,5,3.7,1.6,285|830|7529|23741|55082,ANGPT2|CAPZA2|YWHAB|EID1|ARGLU1,-0.058,Ccdc115
DisGeNET,35,C0000772,Multiple congenital anomalies,,-2.3,4.5,3.7,30286,251,134,5,3.7,1.6,71|2263|5354|8452|124512,ACTG1|FGFR2|PLP1|CUL3|METTL23,-0.058,Ccdc115
DisGeNET,35,C0271084,Exudative age-related macular degeneration,,-2.3,5.7,4,30286,158,134,4,3,1.5,285|2321|7010|27306,ANGPT2|FLT1|TEK|HPGDS,-0.053,Ccdc115
DisGeNET,35,C1737329,Dysmorphism,,-2.3,8.5,4.5,30286,80,134,3,2.2,1.3,367|2263|93986,AR|FGFR2|FOXP2,-0.053,Ccdc115
DisGeNET,35,C0151811,Subcutaneous nodule,,-2.3,8.5,4.5,30286,80,134,3,2.2,1.3,1540|2263|7010,CYLD|FGFR2|TEK,-0.053,Ccdc115
Cell Type Signatures,7,M40233,DESCARTES FETAL LIVER STELLATE CELLS,,-2.3,5.7,3.9,30286,159,134,4,3,1.5,658|2246|2263|9037,BMPR1B|FGF1|FGFR2|SEMA5A,-0.047,Ccdc115
Cell Type Signatures,7,M41691,TRAVAGLINI LUNG PLATELET MEGAKARYOCYTE CELL,,-2.3,3,3.3,30286,604,134,8,6,2,808|830|3006|7534|57142|64805|128344|401494,CALM3|CAPZA2|H1-2|YWHAZ|RTN4|P2RY12|CIMAP3|HACD4,-0.047,Ccdc115
DisGeNET,35,C0026650,Movement Disorders,,-2.3,3.7,3.5,30286,362,134,6,4.5,1.8,4988|7337|7534|10846|27429|93986,OPRM1|UBE3A|YWHAZ|PDE10A|HTRA2|FOXP2,-0.047,Ccdc115
DisGeNET,35,C0520679,"Sleep Apnea, Obstructive",,-2.2,3.3,3.4,30286,480,134,7,5.2,1.9,226|285|367|808|4907|4988|7010,ALDOA|ANGPT2|AR|CALM3|NT5E|OPRM1|TEK,-0.047,Ccdc115
DisGeNET,35,C0037286,Skin Neoplasms,,-2.2,3.7,3.5,30286,363,134,6,4.5,1.8,1540|2263|2321|3858|4869|27306,CYLD|FGFR2|FLT1|KRT10|NPM1|HPGDS,-0.047,Ccdc115
DisGeNET,35,C0220615,Adult Acute Myeloblastic Leukemia,,-2.2,5.7,3.9,30286,160,134,4,3,1.5,808|2321|4869|27306,CALM3|FLT1|NPM1|HPGDS,-0.047,Ccdc115
Cell Type Signatures,7,M41711,FAN OVARY CL9 PUTATIVE APOPTOTIC ENDOTHELIAL CELL,,-2.2,3.7,3.5,30286,365,134,6,4.5,1.8,285|830|4809|7150|7314|55082,ANGPT2|CAPZA2|SNU13|TOP1|UBB|ARGLU1,-0.042,Ccdc115
DisGeNET,35,C0027022,Myeloproliferative disease,,-2.2,3.7,3.5,30286,365,134,6,4.5,1.8,367|2321|3567|4067|4869|7010,AR|FLT1|IL5|LYN|NPM1|TEK,-0.042,Ccdc115
DisGeNET,35,C0009763,Conjunctivitis,,-2.2,8.3,4.4,30286,82,134,3,2.2,1.3,2263|7010|196294,FGFR2|TEK|IMMP1L,-0.042,Ccdc115
DisGeNET,35,C0027430,Nasal Polyps,,-2.2,3.3,3.4,30286,484,134,7,5.2,1.9,71|285|2246|3567|7534|10758|27306,ACTG1|ANGPT2|FGF1|IL5|YWHAZ|TRAF3IP2|HPGDS,-0.039,Ccdc115
DisGeNET,35,C0079772,T-Cell Lymphoma,,-2.2,3.3,3.3,30286,485,134,7,5.2,1.9,367|3326|3567|4869|4988|10803|57531,AR|HSP90AB1|IL5|NPM1|OPRM1|CCR9|HACE1,-0.037,Ccdc115
PaGenBase,36,PGB:00039,Tissue-specific: uterus,,-2.2,8.2,4.4,30286,83,134,3,2.2,1.3,3357|10846|11259,HTR2B|PDE10A|FILIP1L,-0.036,Ccdc115
DisGeNET,35,C3469186,"HEMOCHROMATOSIS, TYPE 1",,-2.2,8.2,4.4,30286,83,134,3,2.2,1.3,1540|27306|55840,CYLD|HPGDS|EAF2,-0.036,Ccdc115
DisGeNET,35,C0162298,Joint stiffness,,-2.2,5.5,3.9,30286,163,134,4,3,1.5,71|658|2263|4907,ACTG1|BMPR1B|FGFR2|NT5E,-0.036,Ccdc115
DisGeNET,35,C0013362,Dysarthria,,-2.2,3.2,3.3,30286,487,134,7,5.2,1.9,367|5354|10846|23767|29978|57531|93986,AR|PLP1|PDE10A|FLRT3|UBQLN2|HACE1|FOXP2,-0.036,Ccdc115
Cell Type Signatures,7,M39104,ZHONG PFC C3 MICROGLIA,,-2.2,3.2,3.3,30286,488,134,7,5.2,1.9,2742|4747|5532|27328|55450|84707|552889,GLRA2|NEFL|PPP3CB|PCDH11X|CAMK2N1|BEX2|ATXN7L3B,-0.036,Ccdc115
DisGeNET,35,C0020443,Hypercholesterolemia,,-2.2,3.2,3.3,30286,489,134,7,5.2,1.9,367|2321|4907|6613|7534|27306|27329,AR|FLT1|NT5E|SUMO2|YWHAZ|HPGDS|ANGPTL3,-0.036,Ccdc115
TRRUST,34,TRR00280,Regulated by: ETS1,,-2.2,8.1,4.3,30286,84,134,3,2.2,1.3,285|2321|3567,ANGPT2|FLT1|IL5,-0.036,Ccdc115
DisGeNET,35,C1857108,Limitation of joint mobility,,-2.2,8.1,4.3,30286,84,134,3,2.2,1.3,658|2263|5354,BMPR1B|FGFR2|PLP1,-0.036,Ccdc115
DisGeNET,35,C0079218,"Fibromatosis, Aggressive",,-2.2,8.1,4.3,30286,84,134,3,2.2,1.3,367|4067|29119,AR|LYN|CTNNA3,-0.036,Ccdc115
Cell Type Signatures,7,M39022,FAN EMBRYONIC CTX BIG GROUPS MICROGLIA,,-2.2,3.7,3.4,30286,371,134,6,4.5,1.8,2124|2857|3006|4067|27306|64805,EVI2B|GPR34|H1-2|LYN|HPGDS|P2RY12,-0.036,Ccdc115
DisGeNET,35,C1854494,Slow progression,,-2.2,5.5,3.8,30286,165,134,4,3,1.5,367|4747|5354|203547,AR|NEFL|PLP1|VMA21,-0.036,Ccdc115
DisGeNET,35,C4025790,Specific learning disability,,-2.2,5.5,3.8,30286,165,134,4,3,1.5,71|4998|5000|93986,ACTG1|ORC1|ORC4|FOXP2,-0.036,Ccdc115
DisGeNET,35,C1997217,Low grade glioma,,-2.2,8,4.3,30286,85,134,3,2.2,1.3,367|2321|26292,AR|FLT1|MYCBP,-0.033,Ccdc115
DisGeNET,35,C0014869,Peptic Esophagitis,,-2.2,8,4.3,30286,85,134,3,2.2,1.3,1540|3567|27306,CYLD|IL5|HPGDS,-0.033,Ccdc115
DisGeNET,35,C0242422,Parkinsonian Disorders,,-2.2,3.6,3.4,30286,373,134,6,4.5,1.8,4067|4747|7534|10846|27306|27429,LYN|NEFL|YWHAZ|PDE10A|HPGDS|HTRA2,-0.033,Ccdc115
DisGeNET,35,C0007138,"Carcinoma, Transitional Cell",,-2.2,2.9,3.2,30286,622,134,8,6,2,285|367|2263|2321|9122|27306|29119|29978,ANGPT2|AR|FGFR2|FLT1|SLC16A4|HPGDS|CTNNA3|UBQLN2,-0.028,Ccdc115
DisGeNET,35,C0162809,Kallmann Syndrome,,-2.2,7.9,4.3,30286,86,134,3,2.2,1.3,2246|4907|23767,FGF1|NT5E|FLRT3,-0.028,Ccdc115
DisGeNET,35,C4021611,Abnormality of epiphysis morphology,,-2.2,7.9,4.3,30286,86,134,3,2.2,1.3,658|4998|5000,BMPR1B|ORC1|ORC4,-0.028,Ccdc115
DisGeNET,35,C0220656,Malignant ascites,,-2.2,7.9,4.3,30286,86,134,3,2.2,1.3,2263|7010|9122,FGFR2|TEK|SLC16A4,-0.028,Ccdc115
DisGeNET,35,C0008626,Congenital chromosomal disease,,-2.2,2.7,3.1,30286,757,134,9,6.7,2.2,52|367|808|2321|3567|4869|4988|27306|388015,ACP1|AR|CALM3|FLT1|IL5|NPM1|OPRM1|HPGDS|RTL1,-0.028,Ccdc115
DisGeNET,35,C0005779,Blood Coagulation Disorders,,-2.2,4.2,3.5,30286,266,134,5,3.7,1.6,71|285|367|2263|64805,ACTG1|ANGPT2|AR|FGFR2|P2RY12,-0.028,Ccdc115
DisGeNET,35,C0234251,Inflammatory pain,,-2.2,4.2,3.5,30286,266,134,5,3.7,1.6,4988|5734|27306|64805|388015,OPRM1|PTGER4|HPGDS|P2RY12|RTL1,-0.028,Ccdc115
Cell Type Signatures,7,M39258,MENON FETAL KIDNEY 8 CONNECTING TUBULE CELLS,,-2.2,4.2,3.5,30286,267,134,5,3.7,1.6,7529|28958|55450|57142|84707,YWHAB|COA3|CAMK2N1|RTN4|BEX2,-0.025,Ccdc115
DisGeNET,35,C0007095,Carcinoid Tumor,,-2.2,4.2,3.5,30286,267,134,5,3.7,1.6,3357|23682|26292|27306|57142,HTR2B|RAB38|MYCBP|HPGDS|RTN4,-0.025,Ccdc115
DisGeNET,35,C1861172,Venous Thromboembolism,,-2.2,3.6,3.4,30286,378,134,6,4.5,1.8,285|4907|7534|55840|64805|79184,ANGPT2|NT5E|YWHAZ|EAF2|P2RY12|BRCC3,-0.025,Ccdc115
TRRUST,34,TRR00275,Regulated by: ESR1,,-2.2,7.7,4.2,30286,88,134,3,2.2,1.3,367|2321|27429,AR|FLT1|HTRA2,-0.015,Ccdc115
DisGeNET,35,C0018553,"Hamartoma Syndrome, Multiple",,-2.1,4.2,3.5,30286,270,134,5,3.7,1.6,367|2263|9122|10803|64805,AR|FGFR2|SLC16A4|CCR9|P2RY12,-0.015,Ccdc115
Cell Type Signatures,7,M41690,TRAVAGLINI LUNG BASOPHIL MAST 2 CELL,,-2.1,3.2,3.2,30286,502,134,7,5.2,1.9,3187|3326|7314|7534|9934|27306|220988,HNRNPH1|HSP90AB1|UBB|YWHAZ|P2RY14|HPGDS|HNRNPA3,-0.015,Ccdc115
COVID,200,COVID035,RNA_Sun_Calu-3_0h_Down,,-2.1,5.3,3.7,30286,171,134,4,3,1.5,8633|23767|64922|401494,UNC5C|FLRT3|LRRC19|HACD4,-0.015,Ccdc115
DisGeNET,35,C3875321,Inflammatory dermatosis,,-2.1,3.5,3.3,30286,382,134,6,4.5,1.8,2263|3567|3858|7010|10758|27306,FGFR2|IL5|KRT10|TEK|TRAF3IP2|HPGDS,-0.012,Ccdc115
TRRUST,34,TRR00645,Regulated by: JUN,,-2.1,5.3,3.7,30286,172,134,4,3,1.5,367|4747|4988|84707,AR|NEFL|OPRM1|BEX2,-0.012,Ccdc115
DisGeNET,35,C0025362,Mental Retardation,,-2.1,3.1,3.2,30286,504,134,7,5.2,1.9,367|2321|3187|4747|7337|9037|93986,AR|FLT1|HNRNPH1|NEFL|UBE3A|SEMA5A|FOXP2,-0.012,Ccdc115
DisGeNET,35,C0578870,Chronic idiopathic urticaria,,-2.1,7.6,4.2,30286,89,134,3,2.2,1.3,71|3567|27306,ACTG1|IL5|HPGDS,-0.012,Ccdc115
Cell Type Signatures,7,M39067,MANNO MIDBRAIN NEUROTYPES HDA,,-2.1,3.1,3.2,30286,506,134,7,5.2,1.9,2742|2823|55450|57515|84707|93986|408263,GLRA2|GPM6A|CAMK2N1|SERINC1|BEX2|FOXP2|FNDC9,-0.0073,Ccdc115
DisGeNET,35,C1176475,Ductal Carcinoma,,-2.1,4.1,3.5,30286,273,134,5,3.7,1.6,226|285|367|2321|27306,ALDOA|ANGPT2|AR|FLT1|HPGDS,-0.0073,Ccdc115
DisGeNET,35,C0494463,"Alzheimer Disease, Late Onset",,-2.1,3.5,3.3,30286,385,134,6,4.5,1.8,71|808|8633|27306|27328|29119,ACTG1|CALM3|UNC5C|HPGDS|PCDH11X|CTNNA3,-0.0073,Ccdc115
Cell Type Signatures,7,M41712,FAN OVARY CL10 PUTATIVE EARLY ATRESIA GRANULOSA CELL,,-2.1,4.1,3.5,30286,274,134,5,3.7,1.6,71|226|808|3151|6613,ACTG1|ALDOA|CALM3|HMGN2|SUMO2,-0.0047,Ccdc115
DisGeNET,35,C0917801,Sleeplessness,,-2.1,5.2,3.7,30286,174,134,4,3,1.5,71|367|4988|27429,ACTG1|AR|OPRM1|HTRA2,-0.0047,Ccdc115
DisGeNET,35,C0278595,Adult Fibrosarcoma,,-2.1,3.5,3.3,30286,387,134,6,4.5,1.8,2246|2321|7010|7150|9068|388015,FGF1|FLT1|TEK|TOP1|ANGPTL1|RTL1,-0.0021,Ccdc115
Cell Type Signatures,7,M39305,CUI DEVELOPING HEART C8 MACROPHAGE,,-2.1,4.1,3.5,30286,275,134,5,3.7,1.6,2124|2857|4067|5734|27306,EVI2B|GPR34|LYN|PTGER4|HPGDS,-0.0019,Ccdc115
DisGeNET,35,C4290046,trachomatis,,-2.1,5.2,3.7,30286,175,134,4,3,1.5,71|2321|3567|27306,ACTG1|FLT1|IL5|HPGDS,-0.0014,Ccdc115
DisGeNET,35,C0021125,Impulsive Behavior,,-2.1,4.1,3.4,30286,276,134,5,3.7,1.6,367|3357|4988|27429|124512,AR|HTR2B|OPRM1|HTRA2|METTL23,-0.00068,Ccdc115
Cell Type Signatures,7,M39257,MENON FETAL KIDNEY 7 LOOPOF HENLE CELLS DISTAL,,-2.1,4.1,3.4,30286,276,134,5,3.7,1.6,226|3858|4747|28958|84707,ALDOA|KRT10|NEFL|COA3|BEX2,-0.00068,Ccdc115
DisGeNET,35,C0011168,Deglutition Disorders,,-2.1,3.5,3.3,30286,389,134,6,4.5,1.8,367|443|3567|4907|5354|29978,AR|ASPA|IL5|NT5E|PLP1|UBQLN2,-0.00045,Ccdc115
Cell Type Signatures,7,M39223,LAKE ADULT KIDNEY C4 PROXIMAL TUBULE EPITHELIAL CELLS S2,,-2.1,5.1,3.7,30286,176,134,4,3,1.5,9037|55082|93986|151050,SEMA5A|ARGLU1|FOXP2|KANSL1L,0,Ccdc115
Cell Type Signatures,7,M41659,TRAVAGLINI LUNG ALVEOLAR EPITHELIAL TYPE 1 CELL,,-2.1,3.5,3.3,30286,391,134,6,4.5,1.8,71|2823|9037|11228|23452|26136,ACTG1|GPM6A|SEMA5A|RASSF8|ANGPTL2|TES,0,Ccdc115
Cell Type Signatures,7,M39245,LAKE ADULT KIDNEY C26 MESANGIAL CELLS,,-2.1,5.1,3.7,30286,177,134,4,3,1.5,7150|8633|10973|55082,TOP1|UNC5C|ASCC3|ARGLU1,0,Ccdc115
Cell Type Signatures,7,M41753,RUBENSTEIN SKELETAL MUSCLE B CELLS,,-2.1,5.1,3.7,30286,177,134,4,3,1.5,2124|4869|55840|79161,EVI2B|NPM1|EAF2|TMEM243,0,Ccdc115
Cell Type Signatures,7,M41717,FAN OVARY CL15 SMALL ANTRAL FOLLICLE GRANULOSA CELL,,-2.1,2.8,3.1,30286,645,134,8,6,2,52|71|3187|3326|5094|7150|7529|11259,ACP1|ACTG1|HNRNPH1|HSP90AB1|PCBP2|TOP1|YWHAB|FILIP1L,0,Ccdc115
Cell Type Signatures,7,M41710,FAN OVARY CL8 MATURE CUMULUS GRANULOSA CELL 2,,-2.1,2.8,3.1,30286,646,134,8,6,2,226|808|3151|3184|5094|5354|6613|28958,ALDOA|CALM3|HMGN2|HNRNPD|PCBP2|PLP1|SUMO2|COA3,0,Ccdc115
DisGeNET,35,C0153690,Secondary malignant neoplasm of bone,,-2.1,2.8,3.1,30286,647,134,8,6,2,285|367|2263|2321|7010|9122|9358|23452,ANGPT2|AR|FGFR2|FLT1|TEK|SLC16A4|ITGBL1|ANGPTL2,0,Ccdc115
DisGeNET,35,C4511452,Sporadic Parkinson disease,,-2.1,5.1,3.6,30286,179,134,4,3,1.5,9037|10846|27306|27429,SEMA5A|PDE10A|HPGDS|HTRA2,0,Ccdc115
Cell Type Signatures,7,M41745,RUBENSTEIN SKELETAL MUSCLE FAP CELLS,,-2.1,5.1,3.6,30286,179,134,4,3,1.5,9068|23741|57142|91851,ANGPTL1|EID1|RTN4|CHRDL1,0,Ccdc115
DisGeNET,35,C3553764,Joint hyperflexibility,,-2.1,5,3.6,30286,181,134,4,3,1.5,4998|5000|7337|9037,ORC1|ORC4|UBE3A|SEMA5A,0,Ccdc115
COVID,200,COVID346,RNA_Wilk_B-cells_patient-C5_Down,,-2.1,5,3.6,30286,181,134,4,3,1.5,4067|10209|25957|55082,LYN|EIF1|PNISR|ARGLU1,0,Ccdc115
DisGeNET,35,C0013132,Drooling,,-2.1,7.1,4,30286,95,134,3,2.2,1.3,7337|10846|93986,UBE3A|PDE10A|FOXP2,0,Ccdc115
DisGeNET,35,C0152020,Gastroparesis,,-2.1,7.1,4,30286,95,134,3,2.2,1.3,4988|10803|27429,OPRM1|CCR9|HTRA2,0,Ccdc115
DisGeNET,35,C0206708,Cervical Intraepithelial Neoplasia,,-2.1,3.4,3.2,30286,398,134,6,4.5,1.8,367|2263|4907|7337|23452|27306,AR|FGFR2|NT5E|UBE3A|ANGPTL2|HPGDS,0,Ccdc115
DisGeNET,35,C1850049,Clinodactyly of the 5th finger,,-2.1,4,3.4,30286,284,134,5,3.7,1.6,658|2263|4998|5000|7337,BMPR1B|FGFR2|ORC1|ORC4|UBE3A,0,Ccdc115
DisGeNET,35,C0206695,"Carcinoma, Neuroendocrine",,-2.1,5,3.6,30286,182,134,4,3,1.5,367|3567|4907|5734,AR|IL5|NT5E|PTGER4,0,Ccdc115
DisGeNET,35,C0752304,Hypoxic-Ischemic Encephalopathy,,-2.1,5,3.6,30286,182,134,4,3,1.5,2246|3769|4747|7010,FGF1|KCNJ13|NEFL|TEK,0,Ccdc115
DisGeNET,35,C0265219,Miller Dieker syndrome,,-2.1,5,3.6,30286,182,134,4,3,1.5,2246|2321|4869|7337,FGF1|FLT1|NPM1|UBE3A,0,Ccdc115
Cell Type Signatures,7,M39211,ZHENG CORD BLOOD C2 PUTATIVE BASOPHIL EOSINOPHIL MAST CELL PROGENITOR,,-2,7.1,4,30286,96,134,3,2.2,1.3,3326|26136|27306,HSP90AB1|TES|HPGDS,0,Ccdc115
DisGeNET,35,C0003130,Anoxia,,-2,3.9,3.3,30286,287,134,5,3.7,1.6,285|367|2321|7010|9122,ANGPT2|AR|FLT1|TEK|SLC16A4,0,Ccdc115
DisGeNET,35,C0032897,Prader-Willi Syndrome,,-2,4.9,3.5,30286,184,134,4,3,1.5,367|3357|7337|23741,AR|HTR2B|UBE3A|EID1,0,Ccdc115
COVID,200,COVID192,RNA_Stukalov_A549-ACE2_30h_Down,,-2,7,3.9,30286,97,134,3,2.2,1.3,3151|10026|84707,HMGN2|PIGK|BEX2,0,Ccdc115
DisGeNET,35,C0040822,Tremor,,-2,3,3.1,30286,528,134,7,5.2,1.9,367|443|5354|7534|10846|23767|27429,AR|ASPA|PLP1|YWHAZ|PDE10A|FLRT3|HTRA2,0,Ccdc115
DisGeNET,35,C0026277,Mixed Salivary Gland Tumor,,-2,4.9,3.5,30286,185,134,4,3,1.5,367|2263|2321|27306,AR|FGFR2|FLT1|HPGDS,0,Ccdc115
Cell Type Signatures,7,M39189,HAY BONE MARROW CD34 POS PRE B,,-2,6.9,3.9,30286,98,134,3,2.2,1.3,1687|3006|79161,GSDME|H1-2|TMEM243,0,Ccdc115
DisGeNET,35,C0852036,Pregnancy associated hypertension,,-2,4.9,3.5,30286,186,134,4,3,1.5,71|2321|7534|27306,ACTG1|FLT1|YWHAZ|HPGDS,0,Ccdc115
DisGeNET,35,C0740457,Malignant neoplasm of kidney,,-2,2.7,3,30286,664,134,8,6,2,367|808|2321|4907|8633|9122|27306|91851,AR|CALM3|FLT1|NT5E|UNC5C|SLC16A4|HPGDS|CHRDL1,0,Ccdc115
DisGeNET,35,C2316810,Chronic kidney disease stage 5,,-2,2.7,3,30286,666,134,8,6,2,285|2321|5354|5734|7534|27306|64805|283652,ANGPT2|FLT1|PLP1|PTGER4|YWHAZ|HPGDS|P2RY12|SLC24A5,0,Ccdc115
DisGeNET,35,C0042341,Varicocele,,-2,6.8,3.9,30286,99,134,3,2.2,1.3,52|367|27306,ACP1|AR|HPGDS,0,Ccdc115
Cell Type Signatures,7,M41667,TRAVAGLINI LUNG CAPILLARY INTERMEDIATE 2 CELL,,-2,3.3,3.2,30286,408,134,6,4.5,1.8,808|830|3151|6613|57515|220988,CALM3|CAPZA2|HMGN2|SUMO2|SERINC1|HNRNPA3,0,Ccdc115
DisGeNET,35,C2936719,Mechanical Allodynia,,-2,3.3,3.2,30286,408,134,6,4.5,1.8,3357|4988|7534|23767|64805|388015,HTR2B|OPRM1|YWHAZ|FLRT3|P2RY12|RTL1,0,Ccdc115
DisGeNET,35,C1535926,Neurodevelopmental Disorders,,-2,3,3.1,30286,534,134,7,5.2,1.9,7337|8452|10846|27306|57531|93986|347730,UBE3A|CUL3|PDE10A|HPGDS|HACE1|FOXP2|LRRTM1,0,Ccdc115
Cell Type Signatures,7,M41651,TRAVAGLINI LUNG BASAL CELL,,-2,4.8,3.5,30286,188,134,4,3,1.5,71|3187|4869|10209,ACTG1|HNRNPH1|NPM1|EIF1,0,Ccdc115
DisGeNET,35,C0221505,Lesion of brain,,-2,4.8,3.5,30286,188,134,4,3,1.5,2321|4747|5354|55840,FLT1|NEFL|PLP1|EAF2,0,Ccdc115
