Category,CategoryID,GO,Description,PARENT_GO,LogP,Enrichment,Z-score,#TotalGeneInLibrary,#GeneInGO,#GeneInHitList,#GeneInGOAndHitList,%InGO,STDV %InGO,GeneID,Hits,Log(q-value),GeneList
Reactome Gene Sets,6,R-HSA-1296072,Voltage gated Potassium channels,,-7.1,47,15,30286,43,75,5,6.7,2.9,3737|3745|3787|3788|9196,KCNA2|KCNB1|KCNS1|KCNS2|KCNAB3,-3,Npas2
Reactome Gene Sets,6,R-HSA-168255,Influenza Infection,,-6.9,18,11,30286,157,75,7,9.3,3.4,811|6139|6154|6160|6193|6201|9883,CALR|RPL17|RPL26|RPL31|RPS5|RPS7|POM121,-3,Npas2
GO Biological Processes,19,GO:1903530,regulation of secretion by cell,19_GO:0051179 localization,-6.8,7.8,8.2,30286,566,75,11,15,4.1,406|1137|2850|3566|3737|3745|5027|9575|56848|130399|140775,BMAL1|CHRNA4|GPR27|IL4R|KCNA2|KCNB1|P2RX7|CLOCK|SPHK2|ACVR1C|SMCR8,-3,Npas2
GO Biological Processes,19,GO:0051046,regulation of secretion,19_GO:0051179 localization,-6.4,7.2,7.7,30286,621,75,11,15,4.1,406|1137|2850|3566|3737|3745|5027|9575|56848|130399|140775,BMAL1|CHRNA4|GPR27|IL4R|KCNA2|KCNB1|P2RX7|CLOCK|SPHK2|ACVR1C|SMCR8,-2.7,Npas2
Reactome Gene Sets,6,R-HSA-168273,Influenza Viral RNA Transcription and Replication,,-5.9,18,9.8,30286,136,75,6,8,3.1,6139|6154|6160|6193|6201|9883,RPL17|RPL26|RPL31|RPS5|RPS7|POM121,-2.3,Npas2
CORUM,33,CORUM:306,"Ribosome, cytoplasmic",,-5.8,25,11,30286,80,75,5,6.7,2.9,6139|6154|6160|6193|6201,RPL17|RPL26|RPL31|RPS5|RPS7,-2.2,Npas2
Reactome Gene Sets,6,R-HSA-192823,Viral mRNA Translation,,-5.5,22,10,30286,90,75,5,6.7,2.9,6139|6154|6160|6193|6201,RPL17|RPL26|RPL31|RPS5|RPS7,-2.2,Npas2
Reactome Gene Sets,6,R-HSA-156902,Peptide chain elongation,,-5.5,22,10,30286,90,75,5,6.7,2.9,6139|6154|6160|6193|6201,RPL17|RPL26|RPL31|RPS5|RPS7,-2.2,Npas2
GO Biological Processes,19,GO:0071805,potassium ion transmembrane transport,19_GO:0051179 localization,-5.5,15,8.8,30286,165,75,6,8,3.1,3737|3745|3787|3788|9196|57468,KCNA2|KCNB1|KCNS1|KCNS2|KCNAB3|SLC12A5,-2.2,Npas2
Reactome Gene Sets,6,R-HSA-156842,Eukaryotic Translation Elongation,,-5.4,21,9.9,30286,94,75,5,6.7,2.9,6139|6154|6160|6193|6201,RPL17|RPL26|RPL31|RPS5|RPS7,-2.2,Npas2
Reactome Gene Sets,6,R-HSA-72764,Eukaryotic Translation Termination,,-5.4,21,9.9,30286,94,75,5,6.7,2.9,6139|6154|6160|6193|6201,RPL17|RPL26|RPL31|RPS5|RPS7,-2.2,Npas2
Reactome Gene Sets,6,R-HSA-2408557,Selenocysteine synthesis,,-5.4,21,9.9,30286,94,75,5,6.7,2.9,6139|6154|6160|6193|6201,RPL17|RPL26|RPL31|RPS5|RPS7,-2.2,Npas2
Reactome Gene Sets,6,R-HSA-975956,Nonsense Mediated Decay (NMD) independent of the Exon Junction Complex (EJC),,-5.4,21,9.8,30286,96,75,5,6.7,2.9,6139|6154|6160|6193|6201,RPL17|RPL26|RPL31|RPS5|RPS7,-2.2,Npas2
GO Biological Processes,19,GO:0006813,potassium ion transport,19_GO:0051179 localization,-5.3,14,8.5,30286,176,75,6,8,3.1,3737|3745|3787|3788|9196|57468,KCNA2|KCNB1|KCNS1|KCNS2|KCNAB3|SLC12A5,-2.2,Npas2
Reactome Gene Sets,6,R-HSA-9633012,Response of EIF2AK4 (GCN2) to amino acid deficiency,,-5.3,20,9.5,30286,102,75,5,6.7,2.9,6139|6154|6160|6193|6201,RPL17|RPL26|RPL31|RPS5|RPS7,-2.2,Npas2
Reactome Gene Sets,6,R-HSA-72689,Formation of a pool of free 40S subunits,,-5.3,20,9.5,30286,102,75,5,6.7,2.9,6139|6154|6160|6193|6201,RPL17|RPL26|RPL31|RPS5|RPS7,-2.2,Npas2
Reactome Gene Sets,6,R-HSA-1296071,Potassium Channels,,-5.2,20,9.4,30286,103,75,5,6.7,2.9,3737|3745|3787|3788|9196,KCNA2|KCNB1|KCNS1|KCNS2|KCNAB3,-2.2,Npas2
GO Biological Processes,19,GO:0001508,action potential,19_GO:0065007 biological regulation,-5.2,20,9.4,30286,103,75,5,6.7,2.9,1137|3737|3745|6324|54112,CHRNA4|KCNA2|KCNB1|SCN1B|GPR88,-2.2,Npas2
Reactome Gene Sets,6,R-HSA-422475,Axon guidance,,-5.1,6.6,6.6,30286,548,75,9,12,3.8,5621|6139|6154|6160|6193|6201|6324|8482|8851,PRNP|RPL17|RPL26|RPL31|RPS5|RPS7|SCN1B|SEMA7A|CDK5R1,-2.1,Npas2
GO Biological Processes,19,GO:0051260,protein homooligomerization,19_GO:0009987 cellular process,-5.1,13,8,30286,193,75,6,8,3.1,3737|3745|3787|3788|5621|6506,KCNA2|KCNB1|KCNS1|KCNS2|PRNP|SLC1A2,-2.1,Npas2
Reactome Gene Sets,6,R-HSA-156827,L13a-mediated translational silencing of Ceruloplasmin expression,,-5.1,18,9,30286,112,75,5,6.7,2.9,6139|6154|6160|6193|6201,RPL17|RPL26|RPL31|RPS5|RPS7,-2.1,Npas2
Reactome Gene Sets,6,R-HSA-1799339,SRP-dependent cotranslational protein targeting to membrane,,-5,18,9,30286,113,75,5,6.7,2.9,6139|6154|6160|6193|6201,RPL17|RPL26|RPL31|RPS5|RPS7,-2.1,Npas2
Reactome Gene Sets,6,R-HSA-72706,GTP hydrolysis and joining of the 60S ribosomal subunit,,-5,18,9,30286,113,75,5,6.7,2.9,6139|6154|6160|6193|6201,RPL17|RPL26|RPL31|RPS5|RPS7,-2.1,Npas2
Reactome Gene Sets,6,R-HSA-975957,Nonsense Mediated Decay (NMD) enhanced by the Exon Junction Complex (EJC),,-5,17,8.8,30286,116,75,5,6.7,2.9,6139|6154|6160|6193|6201,RPL17|RPL26|RPL31|RPS5|RPS7,-2.1,Npas2
Reactome Gene Sets,6,R-HSA-927802,Nonsense-Mediated Decay (NMD),,-5,17,8.8,30286,116,75,5,6.7,2.9,6139|6154|6160|6193|6201,RPL17|RPL26|RPL31|RPS5|RPS7,-2.1,Npas2
GO Biological Processes,19,GO:0051899,membrane depolarization,19_GO:0065007 biological regulation,-5,29,10,30286,55,75,4,5.3,2.6,1137|4297|5027|6324,CHRNA4|KMT2A|P2RX7|SCN1B,-2.1,Npas2
GO Biological Processes,19,GO:1904062,regulation of monoatomic cation transmembrane transport,19_GO:0051179 localization,-4.9,9.1,7.2,30286,309,75,7,9.3,3.4,3787|3788|5027|5621|6324|9196|56848,KCNS1|KCNS2|P2RX7|PRNP|SCN1B|KCNAB3|SPHK2,-2.1,Npas2
Reactome Gene Sets,6,R-HSA-2408522,Selenoamino acid metabolism,,-4.9,17,8.7,30286,119,75,5,6.7,2.9,6139|6154|6160|6193|6201,RPL17|RPL26|RPL31|RPS5|RPS7,-2.1,Npas2
Reactome Gene Sets,6,R-HSA-9675108,Nervous system development,,-4.9,6.3,6.4,30286,573,75,9,12,3.8,5621|6139|6154|6160|6193|6201|6324|8482|8851,PRNP|RPL17|RPL26|RPL31|RPS5|RPS7|SCN1B|SEMA7A|CDK5R1,-2.1,Npas2
Reactome Gene Sets,6,R-HSA-72737,Cap-dependent Translation Initiation,,-4.9,17,8.7,30286,120,75,5,6.7,2.9,6139|6154|6160|6193|6201,RPL17|RPL26|RPL31|RPS5|RPS7,-2.1,Npas2
Reactome Gene Sets,6,R-HSA-72613,Eukaryotic Translation Initiation,,-4.9,17,8.7,30286,120,75,5,6.7,2.9,6139|6154|6160|6193|6201,RPL17|RPL26|RPL31|RPS5|RPS7,-2.1,Npas2
GO Biological Processes,19,GO:0042391,regulation of membrane potential,19_GO:0065007 biological regulation,-4.8,7.2,6.6,30286,446,75,8,11,3.6,1137|3737|3745|4297|5027|6324|11334|54112,CHRNA4|KCNA2|KCNB1|KMT2A|P2RX7|SCN1B|TUSC2|GPR88,-2,Npas2
GO Biological Processes,19,GO:0002181,cytoplasmic translation,19_GO:0008152 metabolic process,-4.8,16,8.4,30286,127,75,5,6.7,2.9,6139|6154|6160|6193|6201,RPL17|RPL26|RPL31|RPS5|RPS7,-2,Npas2
GO Biological Processes,19,GO:0034765,regulation of monoatomic ion transmembrane transport,19_GO:0051179 localization,-4.6,8.1,6.6,30286,349,75,7,9.3,3.4,3787|3788|5027|5621|6324|9196|56848,KCNS1|KCNS2|P2RX7|PRNP|SCN1B|KCNAB3|SPHK2,-1.8,Npas2
GO Biological Processes,19,GO:0030001,metal ion transport,19_GO:0051179 localization,-4.6,5.7,6,30286,634,75,9,12,3.8,1137|3737|3745|3787|3788|5027|6324|9196|57468,CHRNA4|KCNA2|KCNB1|KCNS1|KCNS2|P2RX7|SCN1B|KCNAB3|SLC12A5,-1.8,Npas2
GO Biological Processes,19,GO:0034762,regulation of transmembrane transport,19_GO:0051179 localization,-4.5,6.6,6.2,30286,489,75,8,11,3.6,3787|3788|5027|5621|6324|6506|9196|56848,KCNS1|KCNS2|P2RX7|PRNP|SCN1B|SLC1A2|KCNAB3|SPHK2,-1.8,Npas2
GO Biological Processes,19,GO:0051259,protein complex oligomerization,19_GO:0009987 cellular process,-4.4,9.5,6.8,30286,254,75,6,8,3.1,3737|3745|3787|3788|5621|6506,KCNA2|KCNB1|KCNS1|KCNS2|PRNP|SLC1A2,-1.6,Npas2
Reactome Gene Sets,6,R-HSA-9711097,Cellular response to starvation,,-4.3,13,7.4,30286,157,75,5,6.7,2.9,6139|6154|6160|6193|6201,RPL17|RPL26|RPL31|RPS5|RPS7,-1.6,Npas2
GO Biological Processes,19,GO:0034248,regulation of amide metabolic process,19_GO:0008152 metabolic process,-4.3,6.2,6,30286,522,75,8,11,3.6,811|5621|6154|8507|10140|56848|84919|94103,CALR|PRNP|RPL26|ENC1|TOB1|SPHK2|PPP1R15B|ORMDL3,-1.6,Npas2
GO Biological Processes,19,GO:0090314,positive regulation of protein targeting to membrane,19_GO:0051179 localization,-4.3,43,11,30286,28,75,3,4,2.3,3745|5621|8851,KCNB1|PRNP|CDK5R1,-1.6,Npas2
GO Biological Processes,19,GO:0070201,regulation of establishment of protein localization,19_GO:0051179 localization,-4.3,6,5.8,30286,537,75,8,11,3.6,406|2850|3745|5027|5621|8851|9575|130399,BMAL1|GPR27|KCNB1|P2RX7|PRNP|CDK5R1|CLOCK|ACVR1C,-1.6,Npas2
GO Biological Processes,19,GO:0010959,regulation of metal ion transport,19_GO:0051179 localization,-4.3,7.2,6.1,30286,394,75,7,9.3,3.4,3787|3788|5027|5621|6324|9196|56848,KCNS1|KCNS2|P2RX7|PRNP|SCN1B|KCNAB3|SPHK2,-1.6,Npas2
GO Biological Processes,19,GO:0050708,regulation of protein secretion,19_GO:0051179 localization,-4.3,9,6.6,30286,269,75,6,8,3.1,406|2850|3745|5027|9575|130399,BMAL1|GPR27|KCNB1|P2RX7|CLOCK|ACVR1C,-1.6,Npas2
GO Biological Processes,19,GO:0043604,amide biosynthetic process,19_GO:0008152 metabolic process,-4.2,6,5.8,30286,542,75,8,11,3.6,5027|6139|6154|6160|6193|6201|6506|94103,P2RX7|RPL17|RPL26|RPL31|RPS5|RPS7|SLC1A2|ORMDL3,-1.5,Npas2
GO Biological Processes,19,GO:0050796,regulation of insulin secretion,19_GO:0051179 localization,-4.2,12,7.2,30286,167,75,5,6.7,2.9,406|2850|3745|9575|130399,BMAL1|GPR27|KCNB1|CLOCK|ACVR1C,-1.5,Npas2
GO Biological Processes,19,GO:1901379,regulation of potassium ion transmembrane transport,19_GO:0051179 localization,-4.2,19,8.2,30286,86,75,4,5.3,2.6,3787|3788|5621|9196,KCNS1|KCNS2|PRNP|KCNAB3,-1.5,Npas2
KEGG Pathway,24,hsa03010,Ribosome,,-4.2,12,7.1,30286,170,75,5,6.7,2.9,6139|6154|6160|6193|6201,RPL17|RPL26|RPL31|RPS5|RPS7,-1.5,Npas2
GO Biological Processes,19,GO:0043065,positive regulation of apoptotic process,19_GO:0048518 positive regulation of biological process,-4.2,5.9,5.7,30286,552,75,8,11,3.6,5027|5621|5654|6154|6201|8851|56848|130399,P2RX7|PRNP|HTRA1|RPL26|RPS7|CDK5R1|SPHK2|ACVR1C,-1.5,Npas2
Reactome Gene Sets,6,R-HSA-9010553,Regulation of expression of SLITs and ROBOs,,-4.2,12,7,30286,172,75,5,6.7,2.9,6139|6154|6160|6193|6201,RPL17|RPL26|RPL31|RPS5|RPS7,-1.5,Npas2
Reactome Gene Sets,6,R-HSA-112316,Neuronal System,,-4.1,6.9,6,30286,410,75,7,9.3,3.4,1137|3737|3745|3787|3788|6506|9196,CHRNA4|KCNA2|KCNB1|KCNS1|KCNS2|SLC1A2|KCNAB3,-1.5,Npas2
GO Biological Processes,19,GO:0090313,regulation of protein targeting to membrane,19_GO:0051179 localization,-4.1,36,10,30286,34,75,3,4,2.3,3745|5621|8851,KCNB1|PRNP|CDK5R1,-1.5,Npas2
GO Biological Processes,19,GO:0043068,positive regulation of programmed cell death,19_GO:0048518 positive regulation of biological process,-4.1,5.6,5.6,30286,574,75,8,11,3.6,5027|5621|5654|6154|6201|8851|56848|130399,P2RX7|PRNP|HTRA1|RPL26|RPS7|CDK5R1|SPHK2|ACVR1C,-1.4,Npas2
GO Biological Processes,19,GO:0051952,regulation of amine transport,19_GO:0051179 localization,-4,17,7.8,30286,94,75,4,5.3,2.6,1137|3737|3745|5027,CHRNA4|KCNA2|KCNB1|P2RX7,-1.4,Npas2
Reactome Gene Sets,6,R-HSA-6791226,Major pathway of rRNA processing in the nucleolus and cytosol,,-4,11,6.7,30286,185,75,5,6.7,2.9,6139|6154|6160|6193|6201,RPL17|RPL26|RPL31|RPS5|RPS7,-1.4,Npas2
GO Biological Processes,19,GO:0033144,negative regulation of intracellular steroid hormone receptor signaling pathway,19_GO:0048519 negative regulation of biological process,-4,33,9.6,30286,37,75,3,4,2.3,406|811|9575,BMAL1|CALR|CLOCK,-1.4,Npas2
GO Biological Processes,19,GO:0043266,regulation of potassium ion transport,19_GO:0051179 localization,-3.9,16,7.5,30286,102,75,4,5.3,2.6,3787|3788|5621|9196,KCNS1|KCNS2|PRNP|KCNAB3,-1.3,Npas2
Reactome Gene Sets,6,R-HSA-8868773,rRNA processing in the nucleus and cytosol,,-3.9,10,6.5,30286,195,75,5,6.7,2.9,6139|6154|6160|6193|6201,RPL17|RPL26|RPL31|RPS5|RPS7,-1.3,Npas2
GO Biological Processes,19,GO:0006812,monoatomic cation transport,19_GO:0051179 localization,-3.9,4.7,5.2,30286,780,75,9,12,3.8,1137|3737|3745|3787|3788|5027|6324|9196|57468,CHRNA4|KCNA2|KCNB1|KCNS1|KCNS2|P2RX7|SCN1B|KCNAB3|SLC12A5,-1.3,Npas2
GO Biological Processes,19,GO:0090276,regulation of peptide hormone secretion,19_GO:0051179 localization,-3.9,10,6.5,30286,197,75,5,6.7,2.9,406|2850|3745|9575|130399,BMAL1|GPR27|KCNB1|CLOCK|ACVR1C,-1.3,Npas2
CORUM,33,CORUM:3055,Nop56p-associated pre-rRNA complex,,-3.9,16,7.4,30286,104,75,4,5.3,2.6,6139|6154|6160|6201,RPL17|RPL26|RPL31|RPS7,-1.3,Npas2
Hallmark Gene Sets,23,M5932,HALLMARK INFLAMMATORY RESPONSE,,-3.8,10,6.4,30286,200,75,5,6.7,2.9,3566|5027|6324|6506|10125,IL4R|P2RX7|SCN1B|SLC1A2|RASGRP1,-1.3,Npas2
GO Biological Processes,19,GO:0002791,regulation of peptide secretion,19_GO:0051179 localization,-3.8,10,6.4,30286,200,75,5,6.7,2.9,406|2850|3745|9575|130399,BMAL1|GPR27|KCNB1|CLOCK|ACVR1C,-1.3,Npas2
GO Biological Processes,19,GO:0090087,regulation of peptide transport,19_GO:0051179 localization,-3.8,10,6.4,30286,202,75,5,6.7,2.9,406|2850|3745|9575|130399,BMAL1|GPR27|KCNB1|CLOCK|ACVR1C,-1.3,Npas2
Reactome Gene Sets,6,R-HSA-72312,rRNA processing,,-3.8,9.8,6.3,30286,205,75,5,6.7,2.9,6139|6154|6160|6193|6201,RPL17|RPL26|RPL31|RPS5|RPS7,-1.3,Npas2
GO Biological Processes,19,GO:0043269,regulation of monoatomic ion transport,19_GO:0051179 localization,-3.8,6,5.5,30286,470,75,7,9.3,3.4,3787|3788|5027|5621|6324|9196|56848,KCNS1|KCNS2|P2RX7|PRNP|SCN1B|KCNAB3|SPHK2,-1.3,Npas2
GO Biological Processes,19,GO:0098662,inorganic cation transmembrane transport,19_GO:0051179 localization,-3.8,5.1,5.2,30286,630,75,8,11,3.6,3737|3745|3787|3788|5027|6324|9196|57468,KCNA2|KCNB1|KCNS1|KCNS2|P2RX7|SCN1B|KCNAB3|SLC12A5,-1.3,Npas2
GO Biological Processes,19,GO:1903307,positive regulation of regulated secretory pathway,19_GO:0051179 localization,-3.8,28,8.9,30286,43,75,3,4,2.3,3566|3745|56848,IL4R|KCNB1|SPHK2,-1.3,Npas2
GO Biological Processes,19,GO:0046649,lymphocyte activation,19_GO:0002376 immune system process,-3.7,5.9,5.4,30286,478,75,7,9.3,3.4,1137|3566|4297|5027|9759|10125|11334,CHRNA4|IL4R|KMT2A|P2RX7|HDAC4|RASGRP1|TUSC2,-1.2,Npas2
GO Biological Processes,19,GO:0098655,monoatomic cation transmembrane transport,19_GO:0051179 localization,-3.7,5,5.1,30286,646,75,8,11,3.6,3737|3745|3787|3788|5027|6324|9196|57468,KCNA2|KCNB1|KCNS1|KCNS2|P2RX7|SCN1B|KCNAB3|SLC12A5,-1.2,Npas2
Reactome Gene Sets,6,R-HSA-376176,Signaling by ROBO receptors,,-3.7,9.2,6.1,30286,219,75,5,6.7,2.9,6139|6154|6160|6193|6201,RPL17|RPL26|RPL31|RPS5|RPS7,-1.2,Npas2
CORUM,33,CORUM:308,"60S ribosomal subunit, cytoplasmic",,-3.7,26,8.5,30286,47,75,3,4,2.3,6139|6154|6160,RPL17|RPL26|RPL31,-1.2,Npas2
GO Biological Processes,19,GO:0032412,regulation of monoatomic ion transmembrane transporter activity,19_GO:0051179 localization,-3.6,9.1,6,30286,221,75,5,6.7,2.9,3787|3788|5621|6324|56848,KCNS1|KCNS2|PRNP|SCN1B|SPHK2,-1.2,Npas2
GO Biological Processes,19,GO:0022898,regulation of transmembrane transporter activity,19_GO:0051179 localization,-3.6,8.8,5.9,30286,229,75,5,6.7,2.9,3787|3788|5621|6324|56848,KCNS1|KCNS2|PRNP|SCN1B|SPHK2,-1.1,Npas2
GO Biological Processes,19,GO:0010038,response to metal ion,19_GO:0050896 response to stimulus,-3.6,6.7,5.4,30286,360,75,6,8,3.1,682|811|3745|4297|5027|5621,BSG|CALR|KCNB1|KMT2A|P2RX7|PRNP,-1.1,Npas2
KEGG Pathway,24,hsa05171,Coronavirus disease - COVID-19,,-3.5,8.7,5.9,30286,233,75,5,6.7,2.9,6139|6154|6160|6193|6201,RPL17|RPL26|RPL31|RPS5|RPS7,-1.1,Npas2
GO Biological Processes,19,GO:0034249,negative regulation of amide metabolic process,19_GO:0048519 negative regulation of biological process,-3.5,8.6,5.8,30286,234,75,5,6.7,2.9,811|5621|8507|10140|94103,CALR|PRNP|ENC1|TOB1|ORMDL3,-1.1,Npas2
Reactome Gene Sets,6,R-HSA-71291,Metabolism of amino acids and derivatives,,-3.5,6.6,5.4,30286,367,75,6,8,3.1,6139|6154|6160|6193|6201|120103,RPL17|RPL26|RPL31|RPS5|RPS7|SLC36A4,-1.1,Npas2
GO Biological Processes,19,GO:0050433,regulation of catecholamine secretion,19_GO:0051179 localization,-3.5,23,7.9,30286,53,75,3,4,2.3,1137|3737|3745,CHRNA4|KCNA2|KCNB1,-1.1,Npas2
GO Biological Processes,19,GO:0010035,response to inorganic substance,19_GO:0050896 response to stimulus,-3.5,5.4,5,30286,527,75,7,9.3,3.4,682|811|3745|4297|5027|5621|84919,BSG|CALR|KCNB1|KMT2A|P2RX7|PRNP|PPP1R15B,-1,Npas2
GO Biological Processes,19,GO:0002702,positive regulation of production of molecular mediator of immune response,19_GO:0002376 immune system process,-3.5,12,6.4,30286,134,75,4,5.3,2.6,3566|5027|8482|56848,IL4R|P2RX7|SEMA7A|SPHK2,-1,Npas2
Reactome Gene Sets,6,R-HSA-1638091,Heparan sulfate/heparin (HS-GAG) metabolism,,-3.4,21,7.6,30286,57,75,3,4,2.3,9672|9951|126792,SDC3|HS3ST4|B3GALT6,-0.99,Npas2
Reactome Gene Sets,6,R-HSA-1474228,Degradation of the extracellular matrix,,-3.4,12,6.2,30286,140,75,4,5.3,2.6,682|1301|5654|80274,BSG|COL11A1|HTRA1|SCUBE1,-0.98,Npas2
GO Biological Processes,19,GO:0043467,regulation of generation of precursor metabolites and energy,19_GO:0008152 metabolic process,-3.4,12,6.2,30286,140,75,4,5.3,2.6,5027|8445|9759|56848,P2RX7|DYRK2|HDAC4|SPHK2,-0.98,Npas2
GO Biological Processes,19,GO:0046883,regulation of hormone secretion,19_GO:0051179 localization,-3.4,7.9,5.5,30286,254,75,5,6.7,2.9,406|2850|3745|9575|130399,BMAL1|GPR27|KCNB1|CLOCK|ACVR1C,-0.98,Npas2
GO Biological Processes,19,GO:0019226,transmission of nerve impulse,19_GO:0032501 multicellular organismal process,-3.4,21,7.5,30286,59,75,3,4,2.3,3737|6324|54112,KCNA2|SCN1B|GPR88,-0.98,Npas2
GO Biological Processes,19,GO:0098660,inorganic ion transmembrane transport,19_GO:0051179 localization,-3.4,4.4,4.7,30286,726,75,8,11,3.6,3737|3745|3787|3788|5027|6324|9196|57468,KCNA2|KCNB1|KCNS1|KCNS2|P2RX7|SCN1B|KCNAB3|SLC12A5,-0.98,Npas2
GO Biological Processes,19,GO:0006518,peptide metabolic process,19_GO:0008152 metabolic process,-3.4,5.1,4.9,30286,551,75,7,9.3,3.4,1203|6139|6154|6160|6193|6201|6506,CLN5|RPL17|RPL26|RPL31|RPS5|RPS7|SLC1A2,-0.98,Npas2
GO Biological Processes,19,GO:0002699,positive regulation of immune effector process,19_GO:0002376 immune system process,-3.3,7.9,5.5,30286,257,75,5,6.7,2.9,3566|5027|8482|10125|56848,IL4R|P2RX7|SEMA7A|RASGRP1|SPHK2,-0.96,Npas2
GO Biological Processes,19,GO:0032409,regulation of transporter activity,19_GO:0065007 biological regulation,-3.3,7.8,5.5,30286,260,75,5,6.7,2.9,3787|3788|5621|6324|56848,KCNS1|KCNS2|PRNP|SCN1B|SPHK2,-0.95,Npas2
GO Biological Processes,19,GO:0006954,inflammatory response,19_GO:0050896 response to stimulus,-3.3,5,4.8,30286,563,75,7,9.3,3.4,3566|5027|8482|9759|10125|11334|80274,IL4R|P2RX7|SEMA7A|HDAC4|RASGRP1|TUSC2|SCUBE1,-0.93,Npas2
GO Biological Processes,19,GO:0019233,sensory perception of pain,19_GO:0032501 multicellular organismal process,-3.2,19,7.1,30286,65,75,3,4,2.3,1137|3737|5027,CHRNA4|KCNA2|P2RX7,-0.88,Npas2
KEGG Pathway,24,hsa04148,Efferocytosis,,-3.2,10,5.8,30286,156,75,4,5.3,2.6,682|811|1850|56848,BSG|CALR|DUSP8|SPHK2,-0.85,Npas2
GO Biological Processes,19,GO:0043043,peptide biosynthetic process,19_GO:0008152 metabolic process,-3.2,5.8,4.9,30286,421,75,6,8,3.1,6139|6154|6160|6193|6201|6506,RPL17|RPL26|RPL31|RPS5|RPS7|SLC1A2,-0.85,Npas2
GO Biological Processes,19,GO:1902532,negative regulation of intracellular signal transduction,19_GO:0048519 negative regulation of biological process,-3.2,4.8,4.6,30286,591,75,7,9.3,3.4,406|1850|5027|5621|8445|10252|10846,BMAL1|DUSP8|P2RX7|PRNP|DYRK2|SPRY1|PDE10A,-0.83,Npas2
GO Biological Processes,19,GO:0032922,circadian regulation of gene expression,19_GO:0048511 rhythmic process,-3.1,17,6.8,30286,70,75,3,4,2.3,406|4297|9575,BMAL1|KMT2A|CLOCK,-0.8,Npas2
GO Biological Processes,19,GO:0045321,leukocyte activation,19_GO:0002376 immune system process,-3.1,4.7,4.6,30286,601,75,7,9.3,3.4,1137|3566|4297|5027|9759|10125|11334,CHRNA4|IL4R|KMT2A|P2RX7|HDAC4|RASGRP1|TUSC2,-0.8,Npas2
GO Biological Processes,19,GO:1903532,positive regulation of secretion by cell,19_GO:0051179 localization,-3.1,7,5.1,30286,288,75,5,6.7,2.9,2850|3566|3745|5027|56848,GPR27|IL4R|KCNB1|P2RX7|SPHK2,-0.78,Npas2
GO Biological Processes,19,GO:1903578,regulation of ATP metabolic process,19_GO:0008152 metabolic process,-3.1,17,6.7,30286,72,75,3,4,2.3,5027|9759|56848,P2RX7|HDAC4|SPHK2,-0.78,Npas2
GO Biological Processes,19,GO:0051223,regulation of protein transport,19_GO:0051179 localization,-3.1,5.5,4.7,30286,440,75,6,8,3.1,406|2850|3745|5027|9575|130399,BMAL1|GPR27|KCNB1|P2RX7|CLOCK|ACVR1C,-0.77,Npas2
Reactome Gene Sets,6,R-HSA-72766,Translation,,-3.1,6.9,5.1,30286,292,75,5,6.7,2.9,6139|6154|6160|6193|6201,RPL17|RPL26|RPL31|RPS5|RPS7,-0.77,Npas2
GO Biological Processes,19,GO:0033143,regulation of intracellular steroid hormone receptor signaling pathway,19_GO:0050896 response to stimulus,-3.1,17,6.6,30286,73,75,3,4,2.3,406|811|9575,BMAL1|CALR|CLOCK,-0.77,Npas2
GO Biological Processes,19,GO:0007610,behavior,19_GO:0032501 multicellular organismal process,-3.1,4.6,4.5,30286,619,75,7,9.3,3.4,1137|4297|5621|6506|54112|57468|94103,CHRNA4|KMT2A|PRNP|SLC1A2|GPR88|SLC12A5|ORMDL3,-0.75,Npas2
Reactome Gene Sets,6,R-HSA-1474244,Extracellular matrix organization,,-3,6.7,5,30286,300,75,5,6.7,2.9,682|1301|5654|9672|80274,BSG|COL11A1|HTRA1|SDC3|SCUBE1,-0.73,Npas2
GO Biological Processes,19,GO:0045921,positive regulation of exocytosis,19_GO:0051179 localization,-3,16,6.4,30286,77,75,3,4,2.3,3566|3745|56848,IL4R|KCNB1|SPHK2,-0.72,Npas2
GO Biological Processes,19,GO:1903533,regulation of protein targeting,19_GO:0051179 localization,-3,15,6.4,30286,79,75,3,4,2.3,3745|5621|8851,KCNB1|PRNP|CDK5R1,-0.69,Npas2
GO Biological Processes,19,GO:0051047,positive regulation of secretion,19_GO:0051179 localization,-3,6.5,4.8,30286,312,75,5,6.7,2.9,2850|3566|3745|5027|56848,GPR27|IL4R|KCNB1|P2RX7|SPHK2,-0.67,Npas2
GO Biological Processes,19,GO:0002720,positive regulation of cytokine production involved in immune response,19_GO:0002376 immune system process,-3,15,6.3,30286,81,75,3,4,2.3,5027|8482|56848,P2RX7|SEMA7A|SPHK2,-0.67,Npas2
GO Biological Processes,19,GO:0009416,response to light stimulus,19_GO:0050896 response to stimulus,-2.9,6.4,4.8,30286,315,75,5,6.7,2.9,4297|6154|6506|9575|54112,KMT2A|RPL26|SLC1A2|CLOCK|GPR88,-0.66,Npas2
GO Biological Processes,19,GO:0006029,proteoglycan metabolic process,19_GO:0008152 metabolic process,-2.9,14,6.1,30286,84,75,3,4,2.3,1301|9951|126792,COL11A1|HS3ST4|B3GALT6,-0.63,Npas2
GO Biological Processes,19,GO:0002700,regulation of production of molecular mediator of immune response,19_GO:0002376 immune system process,-2.9,8.6,5.2,30286,187,75,4,5.3,2.6,3566|5027|8482|56848,IL4R|P2RX7|SEMA7A|SPHK2,-0.63,Npas2
GO Biological Processes,19,GO:0050890,cognition,19_GO:0032501 multicellular organismal process,-2.9,6.3,4.7,30286,322,75,5,6.7,2.9,1137|4297|5621|54112|57468,CHRNA4|KMT2A|PRNP|GPR88|SLC12A5,-0.63,Npas2
GO Biological Processes,19,GO:0017157,regulation of exocytosis,19_GO:0051179 localization,-2.9,8.6,5.2,30286,188,75,4,5.3,2.6,3566|3745|56848|140775,IL4R|KCNB1|SPHK2|SMCR8,-0.63,Npas2
GO Biological Processes,19,GO:1903829,positive regulation of protein localization,19_GO:0051179 localization,-2.9,5,4.4,30286,483,75,6,8,3.1,2850|3745|5027|5621|8851|94103,GPR27|KCNB1|P2RX7|PRNP|CDK5R1|ORMDL3,-0.62,Npas2
GO Biological Processes,19,GO:1904951,positive regulation of establishment of protein localization,19_GO:0051179 localization,-2.9,6.2,4.7,30286,326,75,5,6.7,2.9,2850|3745|5027|5621|8851,GPR27|KCNB1|P2RX7|PRNP|CDK5R1,-0.61,Npas2
GO Biological Processes,19,GO:0001819,positive regulation of cytokine production,19_GO:0048518 positive regulation of biological process,-2.8,4.8,4.3,30286,500,75,6,8,3.1,3566|5027|8482|10125|11334|56848,IL4R|P2RX7|SEMA7A|RASGRP1|TUSC2|SPHK2,-0.56,Npas2
GO Biological Processes,19,GO:0019725,cellular homeostasis,19_GO:0042592 homeostatic process,-2.8,4.1,4.1,30286,683,75,7,9.3,3.4,811|1203|3745|5027|5621|57468|94103,CALR|CLN5|KCNB1|P2RX7|PRNP|SLC12A5|ORMDL3,-0.56,Npas2
GO Biological Processes,19,GO:1900542,regulation of purine nucleotide metabolic process,19_GO:0008152 metabolic process,-2.8,13,5.9,30286,91,75,3,4,2.3,5027|9759|56848,P2RX7|HDAC4|SPHK2,-0.56,Npas2
GO Biological Processes,19,GO:0006140,regulation of nucleotide metabolic process,19_GO:0008152 metabolic process,-2.8,13,5.8,30286,92,75,3,4,2.3,5027|9759|56848,P2RX7|HDAC4|SPHK2,-0.55,Npas2
GO Biological Processes,19,GO:0030163,protein catabolic process,19_GO:0008152 metabolic process,-2.7,4,4,30286,711,75,7,9.3,3.4,406|811|1203|5027|8507|9575|79102,BMAL1|CALR|CLN5|P2RX7|ENC1|CLOCK|RNF26,-0.47,Npas2
GO Biological Processes,19,GO:0030148,sphingolipid biosynthetic process,19_GO:0008152 metabolic process,-2.7,12,5.5,30286,100,75,3,4,2.3,5027|56848|94103,P2RX7|SPHK2|ORMDL3,-0.46,Npas2
GO Biological Processes,19,GO:0060627,regulation of vesicle-mediated transport,19_GO:0051179 localization,-2.7,4.6,4.1,30286,528,75,6,8,3.1,811|3566|3745|8851|56848|140775,CALR|IL4R|KCNB1|CDK5R1|SPHK2|SMCR8,-0.46,Npas2
GO Biological Processes,19,GO:0001775,cell activation,19_GO:0032501 multicellular organismal process,-2.7,3.9,3.9,30286,726,75,7,9.3,3.4,1137|3566|4297|5027|9759|10125|11334,CHRNA4|IL4R|KMT2A|P2RX7|HDAC4|RASGRP1|TUSC2,-0.43,Npas2
GO Biological Processes,19,GO:0007420,brain development,19_GO:0032502 developmental process,-2.7,3.9,3.9,30286,729,75,7,9.3,3.4,1203|3737|6506|8482|8851|56848|146057,CLN5|KCNA2|SLC1A2|SEMA7A|CDK5R1|SPHK2|TTBK2,-0.42,Npas2
GO Biological Processes,19,GO:1905477,positive regulation of protein localization to membrane,19_GO:0051179 localization,-2.6,12,5.4,30286,105,75,3,4,2.3,3745|5621|8851,KCNB1|PRNP|CDK5R1,-0.41,Npas2
GO Biological Processes,19,GO:0045596,negative regulation of cell differentiation,19_GO:0032502 developmental process,-2.6,3.8,3.9,30286,735,75,7,9.3,3.4,406|811|3566|8482|9759|10140|10252,BMAL1|CALR|IL4R|SEMA7A|HDAC4|TOB1|SPRY1,-0.41,Npas2
GO Biological Processes,19,GO:0007411,axon guidance,19_GO:0032502 developmental process,-2.6,7.2,4.6,30286,225,75,4,5.3,2.6,3800|6324|8482|8851,KIF5C|SCN1B|SEMA7A|CDK5R1,-0.4,Npas2
GO Biological Processes,19,GO:0097485,neuron projection guidance,19_GO:0032502 developmental process,-2.6,7.2,4.6,30286,225,75,4,5.3,2.6,3800|6324|8482|8851,KIF5C|SCN1B|SEMA7A|CDK5R1,-0.4,Npas2
GO Biological Processes,19,GO:0060078,regulation of postsynaptic membrane potential,19_GO:0065007 biological regulation,-2.6,11,5.3,30286,107,75,3,4,2.3,1137|3737|5027,CHRNA4|KCNA2|P2RX7,-0.4,Npas2
GO Biological Processes,19,GO:1901796,regulation of signal transduction by p53 class mediator,19_GO:0050896 response to stimulus,-2.6,11,5.3,30286,108,75,3,4,2.3,6154|6201|8445,RPL26|RPS7|DYRK2,-0.39,Npas2
GO Biological Processes,19,GO:0045936,negative regulation of phosphate metabolic process,19_GO:0048519 negative regulation of biological process,-2.6,5.3,4.2,30286,378,75,5,6.7,2.9,5621|9759|10252|84919|140775,PRNP|HDAC4|SPRY1|PPP1R15B|SMCR8,-0.39,Npas2
GO Biological Processes,19,GO:0010563,negative regulation of phosphorus metabolic process,19_GO:0048519 negative regulation of biological process,-2.6,5.3,4.2,30286,379,75,5,6.7,2.9,5621|9759|10252|84919|140775,PRNP|HDAC4|SPRY1|PPP1R15B|SMCR8,-0.39,Npas2
Reactome Gene Sets,6,R-HSA-425393,Transport of inorganic cations/anions and amino acids/oligopeptides,,-2.6,11,5.2,30286,110,75,3,4,2.3,6506|57468|120103,SLC1A2|SLC12A5|SLC36A4,-0.38,Npas2
GO Biological Processes,19,GO:0002697,regulation of immune effector process,19_GO:0002376 immune system process,-2.6,5.2,4.2,30286,385,75,5,6.7,2.9,3566|5027|8482|10125|56848,IL4R|P2RX7|SEMA7A|RASGRP1|SPHK2,-0.37,Npas2
GO Biological Processes,19,GO:0071695,anatomical structure maturation,19_GO:0032502 developmental process,-2.6,6.9,4.5,30286,234,75,4,5.3,2.6,1203|3745|8851|11334,CLN5|KCNB1|CDK5R1|TUSC2,-0.36,Npas2
GO Biological Processes,19,GO:0031401,positive regulation of protein modification process,19_GO:0048518 positive regulation of biological process,-2.5,3.7,3.8,30286,764,75,7,9.3,3.4,406|5027|5621|8482|9759|10125|84919,BMAL1|P2RX7|PRNP|SEMA7A|HDAC4|RASGRP1|PPP1R15B,-0.35,Npas2
GO Biological Processes,19,GO:0042752,regulation of circadian rhythm,19_GO:0048511 rhythmic process,-2.5,11,5.1,30286,114,75,3,4,2.3,406|3737|9575,BMAL1|KCNA2|CLOCK,-0.35,Npas2
GO Biological Processes,19,GO:0006412,translation,19_GO:0008152 metabolic process,-2.5,5.2,4.1,30286,392,75,5,6.7,2.9,6139|6154|6160|6193|6201,RPL17|RPL26|RPL31|RPS5|RPS7,-0.35,Npas2
GO Biological Processes,19,GO:0008654,phospholipid biosynthetic process,19_GO:0008152 metabolic process,-2.5,6.7,4.4,30286,240,75,4,5.3,2.6,8835|56848|85465|94103,SOCS2|SPHK2|SELENOI|ORMDL3,-0.34,Npas2
GO Biological Processes,19,GO:2001257,regulation of cation channel activity,19_GO:0051179 localization,-2.5,10,5.1,30286,116,75,3,4,2.3,3787|3788|6324,KCNS1|KCNS2|SCN1B,-0.34,Npas2
GO Biological Processes,19,GO:0055082,intracellular chemical homeostasis,19_GO:0042592 homeostatic process,-2.5,4.2,3.9,30286,575,75,6,8,3.1,811|1203|3745|5621|57468|94103,CALR|CLN5|KCNB1|PRNP|SLC12A5|ORMDL3,-0.34,Npas2
GO Biological Processes,19,GO:0060322,head development,19_GO:0032502 developmental process,-2.5,3.6,3.7,30286,778,75,7,9.3,3.4,1203|3737|6506|8482|8851|56848|146057,CLN5|KCNA2|SLC1A2|SEMA7A|CDK5R1|SPHK2|TTBK2,-0.32,Npas2
GO Biological Processes,19,GO:0002703,regulation of leukocyte mediated immunity,19_GO:0002376 immune system process,-2.5,6.6,4.4,30286,246,75,4,5.3,2.6,3566|5027|10125|56848,IL4R|P2RX7|RASGRP1|SPHK2,-0.31,Npas2
GO Biological Processes,19,GO:0002718,regulation of cytokine production involved in immune response,19_GO:0002376 immune system process,-2.5,10,5,30286,120,75,3,4,2.3,5027|8482|56848,P2RX7|SEMA7A|SPHK2,-0.31,Npas2
Reactome Gene Sets,6,R-HSA-425407,SLC-mediated transmembrane transport,,-2.5,6.5,4.3,30286,249,75,4,5.3,2.6,682|6506|57468|120103,BSG|SLC1A2|SLC12A5|SLC36A4,-0.3,Npas2
GO Biological Processes,19,GO:1903305,regulation of regulated secretory pathway,19_GO:0051179 localization,-2.4,9.7,4.9,30286,125,75,3,4,2.3,3566|3745|56848,IL4R|KCNB1|SPHK2,-0.26,Npas2
Reactome Gene Sets,6,R-HSA-1630316,Glycosaminoglycan metabolism,,-2.4,9.6,4.8,30286,126,75,3,4,2.3,9672|9951|126792,SDC3|HS3ST4|B3GALT6,-0.26,Npas2
GO Biological Processes,19,GO:0009314,response to radiation,19_GO:0050896 response to stimulus,-2.4,4.8,3.9,30286,424,75,5,6.7,2.9,4297|6154|6506|9575|54112,KMT2A|RPL26|SLC1A2|CLOCK|GPR88,-0.24,Npas2
GO Biological Processes,19,GO:0048589,developmental growth,19_GO:0040007 growth,-2.4,4.8,3.9,30286,424,75,5,6.7,2.9,6506|8482|10252|57468|130399,SLC1A2|SEMA7A|SPRY1|SLC12A5|ACVR1C,-0.24,Npas2
GO Biological Processes,19,GO:0040007,growth,19_GO:0040007 growth,-2.4,4.8,3.9,30286,424,75,5,6.7,2.9,6506|8482|10252|57468|130399,SLC1A2|SEMA7A|SPRY1|SLC12A5|ACVR1C,-0.24,Npas2
GO Biological Processes,19,GO:0006865,amino acid transport,19_GO:0051179 localization,-2.4,9.4,4.8,30286,129,75,3,4,2.3,5027|6506|120103,P2RX7|SLC1A2|SLC36A4,-0.24,Npas2
GO Biological Processes,19,GO:0031400,negative regulation of protein modification process,19_GO:0048519 negative regulation of biological process,-2.4,4.7,3.9,30286,426,75,5,6.7,2.9,5621|6201|10252|84919|140775,PRNP|RPS7|SPRY1|PPP1R15B|SMCR8,-0.23,Npas2
GO Biological Processes,19,GO:0009410,response to xenobiotic stimulus,19_GO:0050896 response to stimulus,-2.4,4.7,3.9,30286,428,75,5,6.7,2.9,811|5027|5621|6506|57468,CALR|P2RX7|PRNP|SLC1A2|SLC12A5,-0.23,Npas2
KEGG Pathway,24,hsa04728,Dopaminergic synapse,,-2.4,9.2,4.7,30286,132,75,3,4,2.3,406|3800|9575,BMAL1|KIF5C|CLOCK,-0.22,Npas2
GO Biological Processes,19,GO:0048511,rhythmic process,19_GO:0048511 rhythmic process,-2.4,6,4.1,30286,268,75,4,5.3,2.6,406|4297|8851|9575,BMAL1|KMT2A|CDK5R1|CLOCK,-0.21,Npas2
GO Biological Processes,19,GO:0007623,circadian rhythm,19_GO:0048511 rhythmic process,-2.3,8.9,4.6,30286,136,75,3,4,2.3,406|4297|9575,BMAL1|KMT2A|CLOCK,-0.19,Npas2
GO Biological Processes,19,GO:1901699,cellular response to nitrogen compound,19_GO:0050896 response to stimulus,-2.3,3.8,3.6,30286,631,75,6,8,3.1,1137|5027|5621|6506|8835|8851,CHRNA4|P2RX7|PRNP|SLC1A2|SOCS2|CDK5R1,-0.19,Npas2
GO Biological Processes,19,GO:0090288,negative regulation of cellular response to growth factor stimulus,19_GO:0048519 negative regulation of biological process,-2.3,8.8,4.6,30286,137,75,3,4,2.3,5654|10140|10252,HTRA1|TOB1|SPRY1,-0.19,Npas2
GO Biological Processes,19,GO:0021537,telencephalon development,19_GO:0032502 developmental process,-2.3,5.9,4,30286,275,75,4,5.3,2.6,3737|6506|8482|8851,KCNA2|SLC1A2|SEMA7A|CDK5R1,-0.18,Npas2
GO Biological Processes,19,GO:0051338,regulation of transferase activity,19_GO:0065007 biological regulation,-2.3,3.8,3.6,30286,639,75,6,8,3.1,5621|6201|8851|10125|10252|140775,PRNP|RPS7|CDK5R1|RASGRP1|SPRY1|SMCR8,-0.17,Npas2
GO Biological Processes,19,GO:0007611,learning or memory,19_GO:0032501 multicellular organismal process,-2.3,5.8,4,30286,278,75,4,5.3,2.6,4297|5621|54112|57468,KMT2A|PRNP|GPR88|SLC12A5,-0.17,Npas2
GO Biological Processes,19,GO:0046467,membrane lipid biosynthetic process,19_GO:0008152 metabolic process,-2.3,8.7,4.5,30286,140,75,3,4,2.3,5027|56848|94103,P2RX7|SPHK2|ORMDL3,-0.17,Npas2
GO Biological Processes,19,GO:0006417,regulation of translation,19_GO:0008152 metabolic process,-2.3,4.5,3.7,30286,450,75,5,6.7,2.9,811|6154|8507|10140|84919,CALR|RPL26|ENC1|TOB1|PPP1R15B,-0.16,Npas2
GO Biological Processes,19,GO:0021700,developmental maturation,19_GO:0032502 developmental process,-2.3,5.6,3.9,30286,286,75,4,5.3,2.6,1203|3745|8851|11334,CLN5|KCNB1|CDK5R1|TUSC2,-0.14,Npas2
GO Biological Processes,19,GO:0002252,immune effector process,19_GO:0002376 immune system process,-2.3,4.4,3.7,30286,458,75,5,6.7,2.9,3566|4297|5027|10125|11334,IL4R|KMT2A|P2RX7|RASGRP1|TUSC2,-0.14,Npas2
GO Biological Processes,19,GO:0099536,synaptic signaling,19_GO:0050789 regulation of biological process,-2.2,4.4,3.6,30286,461,75,5,6.7,2.9,1137|5027|6506|8851|57468,CHRNA4|P2RX7|SLC1A2|CDK5R1|SLC12A5,-0.13,Npas2
GO Biological Processes,19,GO:0030098,lymphocyte differentiation,19_GO:0002376 immune system process,-2.2,5.6,3.9,30286,289,75,4,5.3,2.6,3566|4297|9759|11334,IL4R|KMT2A|HDAC4|TUSC2,-0.13,Npas2
GO Biological Processes,19,GO:0120035,regulation of plasma membrane bounded cell projection organization,19_GO:0050789 regulation of biological process,-2.2,3.7,3.5,30286,659,75,6,8,3.1,5027|5621|6324|8482|8507|8851,P2RX7|PRNP|SCN1B|SEMA7A|ENC1|CDK5R1,-0.13,Npas2
Reactome Gene Sets,6,R-HSA-71387,Metabolism of carbohydrates,,-2.2,5.6,3.9,30286,290,75,4,5.3,2.6,9672|9883|9951|126792,SDC3|POM121|HS3ST4|B3GALT6,-0.13,Npas2
GO Biological Processes,19,GO:0002443,leukocyte mediated immunity,19_GO:0002376 immune system process,-2.2,5.6,3.9,30286,291,75,4,5.3,2.6,3566|5027|10125|11334,IL4R|P2RX7|RASGRP1|TUSC2,-0.13,Npas2
GO Biological Processes,19,GO:0045859,regulation of protein kinase activity,19_GO:0008152 metabolic process,-2.2,4.3,3.6,30286,470,75,5,6.7,2.9,5621|8851|10125|10252|140775,PRNP|CDK5R1|RASGRP1|SPRY1|SMCR8,-0.11,Npas2
GO Biological Processes,19,GO:0001933,negative regulation of protein phosphorylation,19_GO:0048519 negative regulation of biological process,-2.2,5.5,3.8,30286,296,75,4,5.3,2.6,5621|10252|84919|140775,PRNP|SPRY1|PPP1R15B|SMCR8,-0.11,Npas2
GO Biological Processes,19,GO:1903531,negative regulation of secretion by cell,19_GO:0051179 localization,-2.2,8,4.3,30286,152,75,3,4,2.3,3745|130399|140775,KCNB1|ACVR1C|SMCR8,-0.1,Npas2
Reactome Gene Sets,6,R-HSA-9694516,SARS-CoV-2 Infection,,-2.2,5.4,3.8,30286,299,75,4,5.3,2.6,6193|6201|9672|9883,RPS5|RPS7|SDC3|POM121,-0.097,Npas2
GO Biological Processes,19,GO:0007612,learning,19_GO:0032501 multicellular organismal process,-2.2,7.9,4.3,30286,153,75,3,4,2.3,4297|54112|57468,KMT2A|GPR88|SLC12A5,-0.097,Npas2
GO Biological Processes,19,GO:0140352,export from cell,19_GO:0051179 localization,-2.2,4.2,3.6,30286,476,75,5,6.7,2.9,3737|3745|5027|10125|130399,KCNA2|KCNB1|P2RX7|RASGRP1|ACVR1C,-0.097,Npas2
GO Biological Processes,19,GO:0031344,regulation of cell projection organization,19_GO:0050789 regulation of biological process,-2.2,3.6,3.4,30286,676,75,6,8,3.1,5027|5621|6324|8482|8507|8851,P2RX7|PRNP|SCN1B|SEMA7A|ENC1|CDK5R1,-0.097,Npas2
GO Biological Processes,19,GO:0051345,positive regulation of hydrolase activity,19_GO:0065007 biological regulation,-2.2,4.2,3.5,30286,482,75,5,6.7,2.9,10125|23216|84919|130399|140775,RASGRP1|TBC1D1|PPP1R15B|ACVR1C|SMCR8,-0.08,Npas2
GO Biological Processes,19,GO:0006665,sphingolipid metabolic process,19_GO:0008152 metabolic process,-2.1,7.7,4.2,30286,158,75,3,4,2.3,5027|56848|94103,P2RX7|SPHK2|ORMDL3,-0.069,Npas2
GO Biological Processes,19,GO:0044272,sulfur compound biosynthetic process,19_GO:0008152 metabolic process,-2.1,7.6,4.2,30286,159,75,3,4,2.3,6506|9951|126792,SLC1A2|HS3ST4|B3GALT6,-0.064,Npas2
GO Biological Processes,19,GO:0006468,protein phosphorylation,19_GO:0008152 metabolic process,-2.1,4.1,3.5,30286,491,75,5,6.7,2.9,8445|8851|84206|130399|146057,DYRK2|CDK5R1|MEX3B|ACVR1C|TTBK2,-0.054,Npas2
GO Biological Processes,19,GO:0098739,import across plasma membrane,19_GO:0051179 localization,-2.1,7.4,4.1,30286,163,75,3,4,2.3,6506|57468|120103,SLC1A2|SLC12A5|SLC36A4,-0.041,Npas2
GO Biological Processes,19,GO:0018105,peptidyl-serine phosphorylation,19_GO:0008152 metabolic process,-2.1,7.4,4.1,30286,163,75,3,4,2.3,8445|8851|146057,DYRK2|CDK5R1|TTBK2,-0.041,Npas2
GO Biological Processes,19,GO:0042326,negative regulation of phosphorylation,19_GO:0048519 negative regulation of biological process,-2.1,5.1,3.7,30286,316,75,4,5.3,2.6,5621|10252|84919|140775,PRNP|SPRY1|PPP1R15B|SMCR8,-0.037,Npas2
GO Biological Processes,19,GO:0071214,cellular response to abiotic stimulus,19_GO:0050896 response to stimulus,-2.1,5.1,3.6,30286,318,75,4,5.3,2.6,811|6154|9575|54112,CALR|RPL26|CLOCK|GPR88,-0.035,Npas2
GO Biological Processes,19,GO:0042110,T cell activation,19_GO:0002376 immune system process,-2.1,5.1,3.6,30286,318,75,4,5.3,2.6,3566|4297|5027|10125,IL4R|KMT2A|P2RX7|RASGRP1,-0.035,Npas2
GO Biological Processes,19,GO:0104004,cellular response to environmental stimulus,19_GO:0050896 response to stimulus,-2.1,5.1,3.6,30286,318,75,4,5.3,2.6,811|6154|9575|54112,CALR|RPL26|CLOCK|GPR88,-0.035,Npas2
GO Biological Processes,19,GO:0043409,negative regulation of MAPK cascade,19_GO:0048519 negative regulation of biological process,-2.1,7.1,4,30286,170,75,3,4,2.3,1850|5027|10252,DUSP8|P2RX7|SPRY1,-0.0034,Npas2
GO Biological Processes,19,GO:0016310,phosphorylation,19_GO:0008152 metabolic process,-2,3.4,3.2,30286,721,75,6,8,3.1,8445|8851|56848|84206|130399|146057,DYRK2|CDK5R1|SPHK2|MEX3B|ACVR1C|TTBK2,0,Npas2
GO Biological Processes,19,GO:0071478,cellular response to radiation,19_GO:0050896 response to stimulus,-2,7,4,30286,172,75,3,4,2.3,6154|9575|54112,RPL26|CLOCK|GPR88,0,Npas2
GO Biological Processes,19,GO:0051048,negative regulation of secretion,19_GO:0051179 localization,-2,7,3.9,30286,173,75,3,4,2.3,3745|130399|140775,KCNB1|ACVR1C|SMCR8,0,Npas2
Reactome Gene Sets,6,R-HSA-8953854,Metabolism of RNA,,-2,3.3,3.2,30286,726,75,6,8,3.1,6139|6154|6160|6193|6201|9883,RPL17|RPL26|RPL31|RPS5|RPS7|POM121,0,Npas2
GO Biological Processes,19,GO:0062012,regulation of small molecule metabolic process,19_GO:0008152 metabolic process,-2,4.9,3.5,30286,331,75,4,5.3,2.6,5027|8445|9759|56848,P2RX7|DYRK2|HDAC4|SPHK2,0,Npas2
GO Biological Processes,19,GO:1903131,mononuclear cell differentiation,19_GO:0032502 developmental process,-2,4.9,3.5,30286,331,75,4,5.3,2.6,3566|4297|9759|11334,IL4R|KMT2A|HDAC4|TUSC2,0,Npas2
GO Biological Processes,19,GO:0048762,mesenchymal cell differentiation,19_GO:0032502 developmental process,-2,7,3.9,30286,174,75,3,4,2.3,6201|8482|10252,RPS7|SEMA7A|SPRY1,0,Npas2
GO Biological Processes,19,GO:0018209,peptidyl-serine modification,19_GO:0008152 metabolic process,-2,6.9,3.9,30286,175,75,3,4,2.3,8445|8851|146057,DYRK2|CDK5R1|TTBK2,0,Npas2
