Category,CategoryID,GO,Description,PARENT_GO,LogP,Enrichment,Z-score,#TotalGeneInLibrary,#GeneInGO,#GeneInHitList,#GeneInGOAndHitList,%InGO,STDV %InGO,GeneID,Hits,Log(q-value),GeneList
Cell Type Signatures,7,M39238,LAKE ADULT KIDNEY C19 COLLECTING DUCT INTERCALATED CELLS TYPE A MEDULLA,,-13,14,14,30286,326,100,15,15,3.6,226|801|1350|2597|3021|3326|4697|6500|7167|7314|7529|10209|23710|23741|400916,ALDOA|CALM1|COX7C|GAPDH|H3-3B|HSP90AB1|NDUFA4|SKP1|TPI1|UBB|YWHAB|EIF1|GABARAPL1|EID1|CHCHD10,-8.1,Kansl1l
Cell Type Signatures,7,M39237,LAKE ADULT KIDNEY C18 COLLECTING DUCT PRINCIPAL CELLS MEDULLA,,-11,13,13,30286,322,100,14,14,3.5,226|801|1350|2597|3021|3326|4697|7167|7314|7529|7534|10209|23710|23741,ALDOA|CALM1|COX7C|GAPDH|H3-3B|HSP90AB1|NDUFA4|TPI1|UBB|YWHAB|YWHAZ|EIF1|GABARAPL1|EID1,-7.3,Kansl1l
Cell Type Signatures,7,M39228,LAKE ADULT KIDNEY C9 THIN ASCENDING LIMB,,-11,15,13,30286,268,100,13,13,3.4,226|801|1350|2597|3021|3183|3326|4697|7167|7314|7529|10209|23741,ALDOA|CALM1|COX7C|GAPDH|H3-3B|HNRNPC|HSP90AB1|NDUFA4|TPI1|UBB|YWHAB|EIF1|EID1,-7.2,Kansl1l
Cell Type Signatures,7,M39227,LAKE ADULT KIDNEY C8 DECENDING THIN LIMB,,-11,14,13,30286,278,100,13,13,3.4,226|801|2597|3021|3183|3326|4697|6500|7167|7314|7529|10209|23741,ALDOA|CALM1|GAPDH|H3-3B|HNRNPC|HSP90AB1|NDUFA4|SKP1|TPI1|UBB|YWHAB|EIF1|EID1,-7.2,Kansl1l
Cell Type Signatures,7,M41712,FAN OVARY CL10 PUTATIVE EARLY ATRESIA GRANULOSA CELL,,-9.9,13,12,30286,274,100,12,12,3.2,226|805|808|1350|2597|3151|4697|4718|6500|6613|7167|59286,ALDOA|CALM2|CALM3|COX7C|GAPDH|HMGN2|NDUFA4|NDUFC2|SKP1|SUMO2|TPI1|UBL5,-6.1,Kansl1l
Cell Type Signatures,7,M41746,RUBENSTEIN SKELETAL MUSCLE SMOOTH MUSCLE CELLS,,-9.6,9.5,10,30286,445,100,14,14,3.5,226|805|808|830|1350|2597|3151|4697|6500|7167|7314|23741|59286|400916,ALDOA|CALM2|CALM3|CAPZA2|COX7C|GAPDH|HMGN2|NDUFA4|SKP1|TPI1|UBB|EID1|UBL5|CHCHD10,-5.9,Kansl1l
Cell Type Signatures,7,M41744,RUBENSTEIN SKELETAL MUSCLE PERICYTES,,-8.9,19,12,30286,144,100,9,9,2.9,226|805|2597|3021|6500|7167|7314|7529|400916,ALDOA|CALM2|GAPDH|H3-3B|SKP1|TPI1|UBB|YWHAB|CHCHD10,-5.2,Kansl1l
Cell Type Signatures,7,M39229,LAKE ADULT KIDNEY C10 THIN ASCENDING LIMB,,-8.7,10,10,30286,353,100,12,12,3.2,226|801|1350|2597|3021|3326|4697|7167|7314|7529|10209|23741,ALDOA|CALM1|COX7C|GAPDH|H3-3B|HSP90AB1|NDUFA4|TPI1|UBB|YWHAB|EIF1|EID1,-5.1,Kansl1l
Cell Type Signatures,7,M40025,BUSSLINGER DUODENAL DIFFERENTIATING STEM CELLS,,-8.2,11,10,30286,305,100,11,11,3.1,805|1350|2597|3183|3190|3326|4697|7529|7534|9480|23204,CALM2|COX7C|GAPDH|HNRNPC|HNRNPK|HSP90AB1|NDUFA4|YWHAB|YWHAZ|ONECUT2|ARL6IP1,-4.7,Kansl1l
Cell Type Signatures,7,M41716,FAN OVARY CL14 MATURE SMOOTH MUSCLE CELL,,-8.2,11,10,30286,306,100,11,11,3.1,801|805|808|830|1879|3151|4697|7314|23741|59286|400916,CALM1|CALM2|CALM3|CAPZA2|EBF1|HMGN2|NDUFA4|UBB|EID1|UBL5|CHCHD10,-4.7,Kansl1l
Cell Type Signatures,7,M39251,MENON FETAL KIDNEY 1 EMBRYONIC RED BLOOD CELLS,,-8,19,12,30286,126,100,8,8,2.7,2597|3021|3183|5094|6500|6613|7314|23204,GAPDH|H3-3B|HNRNPC|PCBP2|SKP1|SUMO2|UBB|ARL6IP1,-4.6,Kansl1l
Cell Type Signatures,7,M41717,FAN OVARY CL15 SMALL ANTRAL FOLLICLE GRANULOSA CELL,,-7.6,6.6,8.2,30286,645,100,14,14,3.5,52|805|1350|3183|3190|3326|4282|4697|5094|6500|7167|7529|23204|59286,ACP1|CALM2|COX7C|HNRNPC|HNRNPK|HSP90AB1|MIF|NDUFA4|PCBP2|SKP1|TPI1|YWHAB|ARL6IP1|UBL5,-4.1,Kansl1l
DisGeNET,35,C3826614,Cardiac arrest in children,,-6.9,2.3e+02,26,30286,4,100,3,3,1.7,801|805|808,CALM1|CALM2|CALM3,-3.5,Kansl1l
Cell Type Signatures,7,M39048,MANNO MIDBRAIN NEUROTYPES BASAL,,-6.6,23,11,30286,79,100,6,6,2.4,3021|3190|6500|6613|7314|59286,H3-3B|HNRNPK|SKP1|SUMO2|UBB|UBL5,-3.2,Kansl1l
Cell Type Signatures,7,M40026,BUSSLINGER DUODENAL TRANSIT AMPLIFYING CELLS,,-6.6,12,9.2,30286,194,100,8,8,2.7,226|1350|2597|3183|3326|7167|23204|400916,ALDOA|COX7C|GAPDH|HNRNPC|HSP90AB1|TPI1|ARL6IP1|CHCHD10,-3.2,Kansl1l
DisGeNET,35,C0014060,"Encephalitis, St. Louis",,-6.5,10,8.6,30286,272,100,9,9,2.9,801|805|808|3151|3183|3326|4282|6019|9447,CALM1|CALM2|CALM3|HMGN2|HNRNPC|HSP90AB1|MIF|RLN2|AIM2,-3.2,Kansl1l
DisGeNET,35,C3203503,Mixed delirium,,-6.5,1.8e+02,23,30286,5,100,3,3,1.7,801|805|808,CALM1|CALM2|CALM3,-3.2,Kansl1l
DisGeNET,35,C1708957,Mediastinal Paraganglioma,,-6.5,1.8e+02,23,30286,5,100,3,3,1.7,801|805|808,CALM1|CALM2|CALM3,-3.2,Kansl1l
DisGeNET,35,C1833372,"HYPOCALCIURIC HYPERCALCEMIA, FAMILIAL, TYPE III",,-6.5,1.8e+02,23,30286,5,100,3,3,1.7,801|805|808,CALM1|CALM2|CALM3,-3.2,Kansl1l
DisGeNET,35,C0432593,Varus angulation,,-6.2,1.5e+02,21,30286,6,100,3,3,1.7,801|805|808,CALM1|CALM2|CALM3,-3,Kansl1l
DisGeNET,35,C0339084,Floppy lid syndrome,,-6.2,1.5e+02,21,30286,6,100,3,3,1.7,801|805|808,CALM1|CALM2|CALM3,-3,Kansl1l
DisGeNET,35,C4524517,cutaneous squamous cell carcinoma of the head and neck,,-6.2,1.5e+02,21,30286,6,100,3,3,1.7,801|805|808,CALM1|CALM2|CALM3,-3,Kansl1l
Cell Type Signatures,7,M39208,HAY BONE MARROW PRO B,,-6.1,9,8,30286,304,100,9,9,2.9,52|3151|3190|4697|6613|7314|23204|55840|196294,ACP1|HMGN2|HNRNPK|NDUFA4|SUMO2|UBB|ARL6IP1|EAF2|IMMP1L,-3,Kansl1l
DisGeNET,35,C0678255,polydrug use,,-5.9,1.3e+02,20,30286,7,100,3,3,1.7,801|805|808,CALM1|CALM2|CALM3,-2.8,Kansl1l
DisGeNET,35,C3203501,Hypoactive delirium,,-5.9,1.3e+02,20,30286,7,100,3,3,1.7,801|805|808,CALM1|CALM2|CALM3,-2.8,Kansl1l
DisGeNET,35,C0042514,"Tachycardia, Ventricular",,-5.9,17,9.7,30286,104,100,6,6,2.4,801|805|808|6019|6500|29119,CALM1|CALM2|CALM3|RLN2|SKP1|CTNNA3,-2.8,Kansl1l
Cell Type Signatures,7,M41710,FAN OVARY CL8 MATURE CUMULUS GRANULOSA CELL 2,,-5.8,5.6,6.8,30286,646,100,12,12,3.2,226|805|808|1350|3151|4282|4697|4718|5094|6613|59286|400916,ALDOA|CALM2|CALM3|COX7C|HMGN2|MIF|NDUFA4|NDUFC2|PCBP2|SUMO2|UBL5|CHCHD10,-2.7,Kansl1l
DisGeNET,35,C1855263,Disorganized thinking,,-5.7,1.1e+02,18,30286,8,100,3,3,1.7,801|805|808,CALM1|CALM2|CALM3,-2.7,Kansl1l
DisGeNET,35,C1334411,Locally Metastatic Malignant Neoplasm,,-5.7,1.1e+02,18,30286,8,100,3,3,1.7,801|805|808,CALM1|CALM2|CALM3,-2.7,Kansl1l
Cell Type Signatures,7,M39255,MENON FETAL KIDNEY 5 PROXIMAL TUBULE CELLS,,-5.7,16,9.3,30286,112,100,6,6,2.4,801|808|2045|5094|9296|23767,CALM1|CALM3|EPHA7|PCBP2|ATP6V1F|FLRT3,-2.7,Kansl1l
DisGeNET,35,C1837610,ICHTHYOSIS PREMATURITY SYNDROME,,-5.5,1e+02,17,30286,9,100,3,3,1.7,801|805|808,CALM1|CALM2|CALM3,-2.5,Kansl1l
DisGeNET,35,C3164344,Adult onset autosomal dominant leukodystrophy,,-5.5,1e+02,17,30286,9,100,3,3,1.7,801|805|808,CALM1|CALM2|CALM3,-2.5,Kansl1l
DisGeNET,35,C0270736,Essential Tremor,,-5.5,15,8.9,30286,122,100,6,6,2.4,801|805|808|27306|27429|29119,CALM1|CALM2|CALM3|HPGDS|HTRA2|CTNNA3,-2.5,Kansl1l
Cell Type Signatures,7,M39257,MENON FETAL KIDNEY 7 LOOPOF HENLE CELLS DISTAL,,-5.4,8.8,7.5,30286,276,100,8,8,2.7,226|1350|4697|4718|4747|7167|84707|400916,ALDOA|COX7C|NDUFA4|NDUFC2|NEFL|TPI1|BEX2|CHCHD10,-2.4,Kansl1l
DisGeNET,35,C0494463,"Alzheimer Disease, Late Onset",,-5.3,7.1,6.9,30286,385,100,9,9,2.9,801|808|2597|3358|4900|7167|8633|27306|29119,CALM1|CALM3|GAPDH|HTR2C|NRGN|TPI1|UNC5C|HPGDS|CTNNA3,-2.3,Kansl1l
Cell Type Signatures,7,M39017,FAN EMBRYONIC CTX BIG GROUPS CAJAL RETZIUS,,-5.2,6.1,6.6,30286,499,100,10,10,3,226|808|1350|4747|5121|7167|9447|60592|84707|90293,ALDOA|CALM3|COX7C|NEFL|PCP4|TPI1|AIM2|SCOC|BEX2|KLHL13,-2.3,Kansl1l
Cell Type Signatures,7,M41748,RUBENSTEIN SKELETAL MUSCLE SATELLITE CELLS,,-5,7.8,6.9,30286,310,100,8,8,2.7,226|2597|3151|3326|4282|4697|10209|400916,ALDOA|GAPDH|HMGN2|HSP90AB1|MIF|NDUFA4|EIF1|CHCHD10,-2.1,Kansl1l
DisGeNET,35,C1969623,"NEUROFIBROMATOSIS, TYPE 1-LIKE SYNDROME",,-5,70,14,30286,13,100,3,3,1.7,801|805|808,CALM1|CALM2|CALM3,-2.1,Kansl1l
Cell Type Signatures,7,M41749,RUBENSTEIN SKELETAL MUSCLE NK CELLS,,-5,9.4,7.3,30286,226,100,7,7,2.6,52|801|3021|7314|7534|10209|59286,ACP1|CALM1|H3-3B|UBB|YWHAZ|EIF1|UBL5,-2.1,Kansl1l
DisGeNET,35,C4721772,Postoperative delirium,,-4.9,29,10,30286,42,100,4,4,2,801|805|808|4747,CALM1|CALM2|CALM3|NEFL,-2,Kansl1l
Cell Type Signatures,7,M39243,LAKE ADULT KIDNEY C24 ENDOTHELIAL CELLS AEA AND DVR,,-4.9,12,7.8,30286,152,100,6,6,2.4,801|1879|3021|3326|7529|10209,CALM1|EBF1|H3-3B|HSP90AB1|YWHAB|EIF1,-2,Kansl1l
DisGeNET,35,C0149887,Slipped Capital Femoral Epiphyses,,-4.8,61,13,30286,15,100,3,3,1.7,801|805|808,CALM1|CALM2|CALM3,-1.9,Kansl1l
DisGeNET,35,C0795953,MASA SYNDROME (disorder),,-4.7,57,13,30286,16,100,3,3,1.7,801|805|808,CALM1|CALM2|CALM3,-1.9,Kansl1l
Cell Type Signatures,7,M41671,TRAVAGLINI LUNG AIRWAY SMOOTH MUSCLE CELL,,-4.7,11,7.4,30286,166,100,6,6,2.4,285|805|1350|4697|4900|59286,ANGPT2|CALM2|COX7C|NDUFA4|NRGN|UBL5,-1.9,Kansl1l
DisGeNET,35,C0221765,Chronic schizophrenia,,-4.7,25,9.7,30286,48,100,4,4,2,801|805|808|3358,CALM1|CALM2|CALM3|HTR2C,-1.9,Kansl1l
DisGeNET,35,C0233705,Cancerophobia,,-4.6,53,12,30286,17,100,3,3,1.7,801|805|808,CALM1|CALM2|CALM3,-1.8,Kansl1l
DisGeNET,35,C0340493,Paroxysmal familial ventricular fibrillation,,-4.6,50,12,30286,18,100,3,3,1.7,801|805|808,CALM1|CALM2|CALM3,-1.7,Kansl1l
DisGeNET,35,C1504431,Idiopathic pneumonia syndrome,,-4.6,50,12,30286,18,100,3,3,1.7,801|805|808,CALM1|CALM2|CALM3,-1.7,Kansl1l
Cell Type Signatures,7,M41691,TRAVAGLINI LUNG PLATELET MEGAKARYOCYTE CELL,,-4.5,5,5.7,30286,604,100,10,10,3,801|808|830|2597|3006|4900|7534|64805|128344|401494,CALM1|CALM3|CAPZA2|GAPDH|H1-2|NRGN|YWHAZ|P2RY12|CIMAP3|HACD4,-1.7,Kansl1l
DisGeNET,35,C0393571,Multiple System Atrophy,,-4.5,48,12,30286,19,100,3,3,1.7,4747|7314|7529,NEFL|UBB|YWHAB,-1.7,Kansl1l
DisGeNET,35,C0011206,Delirium,,-4.5,14,7.7,30286,110,100,5,5,2.2,801|805|808|3358|4747,CALM1|CALM2|CALM3|HTR2C|NEFL,-1.7,Kansl1l
DisGeNET,35,C0242422,Parkinsonian Disorders,,-4.5,6.5,6.1,30286,373,100,8,8,2.7,3358|4067|4747|4900|7534|27306|27429|400916,HTR2C|LYN|NEFL|NRGN|YWHAZ|HPGDS|HTRA2|CHCHD10,-1.7,Kansl1l
DisGeNET,35,C0265216,X-linked hydrocephalus syndrome,,-4.4,45,11,30286,20,100,3,3,1.7,801|805|808,CALM1|CALM2|CALM3,-1.6,Kansl1l
Cell Type Signatures,7,M39231,LAKE ADULT KIDNEY C12 THICK ASCENDING LIMB,,-4.4,6.4,6.1,30286,381,100,8,8,2.7,226|1350|2597|4697|7167|7314|23741|400916,ALDOA|COX7C|GAPDH|NDUFA4|TPI1|UBB|EID1|CHCHD10,-1.6,Kansl1l
COVID,200,COVID198,Ubiquitinome_Stukalov_A549-ACE2_24h_Down,,-4.3,9.3,6.7,30286,196,100,6,6,2.4,226|3006|7529|7534|26071|59286,ALDOA|H1-2|YWHAB|YWHAZ|RTL8A|UBL5,-1.5,Kansl1l
DisGeNET,35,C0035828,Romano-Ward Syndrome,,-4.3,41,11,30286,22,100,3,3,1.7,801|805|808,CALM1|CALM2|CALM3,-1.5,Kansl1l
Cell Type Signatures,7,M39242,LAKE ADULT KIDNEY C23 ENDOTHELIAL CELLS AVR,,-4.2,12,7.1,30286,126,100,5,5,2.2,2597|3021|3326|7529|10209,GAPDH|H3-3B|HSP90AB1|YWHAB|EIF1,-1.5,Kansl1l
Cell Type Signatures,7,M41667,TRAVAGLINI LUNG CAPILLARY INTERMEDIATE 2 CELL,,-4.2,5.9,5.8,30286,408,100,8,8,2.7,801|808|830|1350|3151|4697|6613|59286,CALM1|CALM3|CAPZA2|COX7C|HMGN2|NDUFA4|SUMO2|UBL5,-1.5,Kansl1l
DisGeNET,35,C2919945,Cavernous Hemangioma of Brain,,-4.2,12,7.1,30286,127,100,5,5,2.2,285|801|805|808|6019,ANGPT2|CALM1|CALM2|CALM3|RLN2,-1.5,Kansl1l
DisGeNET,35,C0018790,Cardiac Arrest,,-4.2,5.9,5.8,30286,410,100,8,8,2.7,285|801|805|808|2597|4747|7534|27306,ANGPT2|CALM1|CALM2|CALM3|GAPDH|NEFL|YWHAZ|HPGDS,-1.5,Kansl1l
DisGeNET,35,C0023267,Fibroid Tumor,,-4.2,5.9,5.7,30286,413,100,8,8,2.7,52|285|2597|3151|3624|5121|27306|122042,ACP1|ANGPT2|GAPDH|HMGN2|INHBA|PCP4|HPGDS|RXFP2,-1.4,Kansl1l
DisGeNET,35,C0236642,Pick Disease of the Brain,,-4.1,8.5,6.3,30286,213,100,6,6,2.4,4747|4900|5094|7314|27306|400916,NEFL|NRGN|PCBP2|UBB|HPGDS|CHCHD10,-1.4,Kansl1l
Cell Type Signatures,7,M40024,BUSSLINGER DUODENAL STEM CELLS,,-4.1,6.8,5.9,30286,311,100,7,7,2.6,1350|1602|3183|3190|3326|7534|9480,COX7C|DACH1|HNRNPC|HNRNPK|HSP90AB1|YWHAZ|ONECUT2,-1.4,Kansl1l
DisGeNET,35,C0002895,"Anemia, Sickle Cell",,-4,5.6,5.5,30286,433,100,8,8,2.7,212|285|801|805|808|2597|3859|27306,ALAS2|ANGPT2|CALM1|CALM2|CALM3|GAPDH|KRT12|HPGDS,-1.3,Kansl1l
DisGeNET,35,C0152276,Granulocytic Sarcoma,,-4,32,9.6,30286,28,100,3,3,1.7,801|805|808,CALM1|CALM2|CALM3,-1.3,Kansl1l
Cell Type Signatures,7,M39269,HU FETAL RETINA RGC,,-3.9,5.5,5.5,30286,443,100,8,8,2.7,805|808|1602|1879|2597|4747|7534|60592,CALM2|CALM3|DACH1|EBF1|GAPDH|NEFL|YWHAZ|SCOC,-1.3,Kansl1l
Cell Type Signatures,7,M41719,FAN OVARY CL17 PUTATIVE APOPTOTIC SMOOTH MUSCLE CELL,,-3.9,7.9,6,30286,231,100,6,6,2.4,801|805|3021|3326|10209|23710,CALM1|CALM2|H3-3B|HSP90AB1|EIF1|GABARAPL1,-1.2,Kansl1l
DisGeNET,35,C1631597,"VENTRICULAR TACHYCARDIA, CATECHOLAMINERGIC POLYMORPHIC, 1 (disorder)",,-3.8,29,9.1,30286,31,100,3,3,1.7,801|805|808,CALM1|CALM2|CALM3,-1.2,Kansl1l
DisGeNET,35,C0949658,"Cardiomyopathy, Hypertrophic, Familial",,-3.8,15,7.1,30286,83,100,4,4,2,801|805|808|3357,CALM1|CALM2|CALM3|HTR2B,-1.1,Kansl1l
Cell Type Signatures,7,M41706,FAN OVARY CL4 T LYMPHOCYTE NK CELL 1,,-3.8,7.4,5.8,30286,246,100,6,6,2.4,801|2597|7314|7529|7534|10209,CALM1|GAPDH|UBB|YWHAB|YWHAZ|EIF1,-1.1,Kansl1l
DisGeNET,35,C4316909,Marijuana Use,,-3.8,28,8.8,30286,33,100,3,3,1.7,801|805|808,CALM1|CALM2|CALM3,-1.1,Kansl1l
DisGeNET,35,C0238339,Hereditary pancreatitis,,-3.7,9.6,6.2,30286,158,100,5,5,2.2,801|805|808|4282|7314,CALM1|CALM2|CALM3|MIF|UBB,-1.1,Kansl1l
DisGeNET,35,C0454651,Specific language impairment,,-3.7,27,8.6,30286,34,100,3,3,1.7,801|805|808,CALM1|CALM2|CALM3,-1.1,Kansl1l
Cell Type Signatures,7,M40014,BUSSLINGER GASTRIC PARIETAL CELLS,,-3.7,7.2,5.7,30286,254,100,6,6,2.4,801|1350|2597|4697|23710|400916,CALM1|COX7C|GAPDH|NDUFA4|GABARAPL1|CHCHD10,-1.1,Kansl1l
DisGeNET,35,C1536220,ST segment elevation myocardial infarction,,-3.6,6.9,5.5,30286,263,100,6,6,2.4,801|805|808|4282|27429|64805,CALM1|CALM2|CALM3|MIF|HTRA2|P2RY12,-0.98,Kansl1l
Cell Type Signatures,7,M39292,DURANTE ADULT OLFACTORY NEUROEPITHELIUM UNSPECIFIED,,-3.6,25,8.3,30286,37,100,3,3,1.7,801|805|128344,CALM1|CALM2|CIMAP3,-0.98,Kansl1l
Cell Type Signatures,7,M41690,TRAVAGLINI LUNG BASOPHIL MAST 2 CELL,,-3.6,4.8,5,30286,502,100,8,8,2.7,3021|3190|3326|4697|7314|7534|9934|27306,H3-3B|HNRNPK|HSP90AB1|NDUFA4|UBB|YWHAZ|P2RY14|HPGDS,-0.96,Kansl1l
Cell Type Signatures,7,M39258,MENON FETAL KIDNEY 8 CONNECTING TUBULE CELLS,,-3.6,6.8,5.5,30286,267,100,6,6,2.4,1350|4697|7529|9296|84707|400916,COX7C|NDUFA4|YWHAB|ATP6V1F|BEX2|CHCHD10,-0.96,Kansl1l
DisGeNET,35,C0004936,Mental disorders,,-3.5,3.8,4.7,30286,789,100,10,10,3,52|801|805|808|3358|4282|4747|4900|27306|55840,ACP1|CALM1|CALM2|CALM3|HTR2C|MIF|NEFL|NRGN|HPGDS|EAF2,-0.94,Kansl1l
COVID,200,COVID192,RNA_Stukalov_A549-ACE2_30h_Down,,-3.5,12,6.5,30286,97,100,4,4,2,3151|4282|10026|84707,HMGN2|MIF|PIGK|BEX2,-0.91,Kansl1l
DisGeNET,35,C0175709,Centronuclear myopathy,,-3.5,23,7.9,30286,40,100,3,3,1.7,801|805|808,CALM1|CALM2|CALM3,-0.91,Kansl1l
Cell Type Signatures,7,M41689,TRAVAGLINI LUNG BASOPHIL MAST 1 CELL,,-3.5,6.6,5.4,30286,276,100,6,6,2.4,3021|3326|4697|9296|9934|27306,H3-3B|HSP90AB1|NDUFA4|ATP6V1F|P2RY14|HPGDS,-0.91,Kansl1l
DisGeNET,35,C0410702,Adolescent idiopathic scoliosis,,-3.5,4.2,4.7,30286,656,100,9,9,2.9,801|805|808|1006|1794|4067|29119|57689|254827,CALM1|CALM2|CALM3|CDH8|DOCK2|LYN|CTNNA3|LRRC4C|NAALADL2,-0.9,Kansl1l
TRRUST,34,TRR00484,Regulated by: HIF1A,,-3.5,12,6.4,30286,99,100,4,4,2,212|226|2597|4282,ALAS2|ALDOA|GAPDH|MIF,-0.9,Kansl1l
Cell Type Signatures,7,M39218,ZHENG CORD BLOOD C9 GRANULOCYTE MACROPHAGE PROGENITOR,,-3.5,12,6.4,30286,100,100,4,4,2,801|2597|3021|3151,CALM1|GAPDH|H3-3B|HMGN2,-0.89,Kansl1l
COVID,200,COVID201,Ubiquitinome_Stukalov_A549-ACE2_6h_Up,,-3.5,12,6.4,30286,100,100,4,4,2,226|3006|3183|3326,ALDOA|H1-2|HNRNPC|HSP90AB1,-0.89,Kansl1l
DisGeNET,35,C0279592,Adult T Acute Lymphoblastic Leukemia,,-3.4,12,6.3,30286,102,100,4,4,2,801|805|808|10803,CALM1|CALM2|CALM3|CCR9,-0.87,Kansl1l
DisGeNET,35,C0751265,Learning Disabilities,,-3.4,12,6.3,30286,103,100,4,4,2,801|805|808|1006,CALM1|CALM2|CALM3|CDH8,-0.85,Kansl1l
COVID,200,COVID254,RNA_Wilk_CD14+Monocytes_patient-C5_Up,,-3.4,12,6.3,30286,104,100,4,4,2,801|2597|3151|3326,CALM1|GAPDH|HMGN2|HSP90AB1,-0.84,Kansl1l
COVID,200,COVID029,RNA_Liao_BALF-mild_Down,,-3.3,6.1,5.1,30286,300,100,6,6,2.4,805|4718|4900|5094|10209|23204,CALM2|NDUFC2|NRGN|PCBP2|EIF1|ARL6IP1,-0.77,Kansl1l
COVID,200,COVID039,RNA_Sun_Calu-3_24h_Down,,-3.3,6.1,5.1,30286,300,100,6,6,2.4,801|1350|3326|7529|7534|9480,CALM1|COX7C|HSP90AB1|YWHAB|YWHAZ|ONECUT2,-0.77,Kansl1l
COVID,200,COVID037,RNA_Sun_Calu-3_12h_Down,,-3.3,6.1,5.1,30286,300,100,6,6,2.4,801|1350|4697|6613|7167|23741,CALM1|COX7C|NDUFA4|SUMO2|TPI1|EID1,-0.77,Kansl1l
DisGeNET,35,C0040558,Toxoplasmosis,,-3.3,11,6,30286,112,100,4,4,2,4282|6500|7167|196294,MIF|SKP1|TPI1|IMMP1L,-0.74,Kansl1l
DisGeNET,35,C0035288,"Reticuloendotheliosis, X-linked",,-3.3,19,7.2,30286,48,100,3,3,1.7,801|805|808,CALM1|CALM2|CALM3,-0.73,Kansl1l
Cell Type Signatures,7,M40027,BUSSLINGER DUODENAL EARLY IMMATURE ENTEROCYTES,,-3.3,11,6,30286,113,100,4,4,2,801|805|1350|400916,CALM1|CALM2|COX7C|CHCHD10,-0.73,Kansl1l
DisGeNET,35,C0035222,"Respiratory Distress Syndrome, Adult",,-3.2,4.9,4.7,30286,434,100,7,7,2.6,285|1879|4282|7167|7534|23452|27306,ANGPT2|EBF1|MIF|TPI1|YWHAZ|ANGPTL2|HPGDS,-0.7,Kansl1l
DisGeNET,35,C0042133,Uterine Fibroids,,-3.2,4.3,4.5,30286,569,100,8,8,2.7,52|285|2597|3151|3624|5121|27306|122042,ACP1|ANGPT2|GAPDH|HMGN2|INHBA|PCP4|HPGDS|RXFP2,-0.7,Kansl1l
DisGeNET,35,C0948089,Acute Coronary Syndrome,,-3.2,4.8,4.7,30286,439,100,7,7,2.6,285|2597|4282|4718|23452|59286|64805,ANGPT2|GAPDH|MIF|NDUFC2|ANGPTL2|UBL5|P2RY12,-0.68,Kansl1l
DisGeNET,35,C1336708,Testicular Germ Cell Tumor,,-3.2,7.3,5.2,30286,208,100,5,5,2.2,801|805|808|4282|27306,CALM1|CALM2|CALM3|MIF|HPGDS,-0.68,Kansl1l
Cell Type Signatures,7,M41700,TRAVAGLINI LUNG OLR1 CLASSICAL MONOCYTE CELL,,-3.2,3.8,4.3,30286,726,100,9,9,2.9,2597|3021|3183|4067|7534|9296|10209|23710|59286,GAPDH|H3-3B|HNRNPC|LYN|YWHAZ|ATP6V1F|EIF1|GABARAPL1|UBL5,-0.66,Kansl1l
DisGeNET,35,C0013371,Shigella Infections,,-3.2,10,5.7,30286,121,100,4,4,2,6613|8633|9447|23452,SUMO2|UNC5C|AIM2|ANGPTL2,-0.65,Kansl1l
Cell Type Signatures,7,M40291,DESCARTES FETAL SPLEEN STROMAL CELLS,,-3.1,17,6.7,30286,54,100,3,3,1.7,8633|57689|90293,UNC5C|LRRC4C|KLHL13,-0.62,Kansl1l
DisGeNET,35,C0087169,Withdrawal Symptoms,,-3.1,9.6,5.6,30286,126,100,4,4,2,801|805|808|3358,CALM1|CALM2|CALM3|HTR2C,-0.6,Kansl1l
Cell Type Signatures,7,M40010,BUSSLINGER GASTRIC ISTHMUS CELLS,,-3.1,4.6,4.5,30286,458,100,7,7,2.6,805|808|2597|3326|7529|7534|23204,CALM2|CALM3|GAPDH|HSP90AB1|YWHAB|YWHAZ|ARL6IP1,-0.6,Kansl1l
DisGeNET,35,C0687132,heavy drinking,,-3,16,6.5,30286,57,100,3,3,1.7,801|805|808,CALM1|CALM2|CALM3,-0.56,Kansl1l
COVID,200,COVID247,RNA_Wilk_CD14+Monocytes_patient-C1B-severe_Down,,-3,16,6.4,30286,58,100,3,3,1.7,3021|3326|10209,H3-3B|HSP90AB1|EIF1,-0.55,Kansl1l
Cell Type Signatures,7,M41751,RUBENSTEIN SKELETAL MUSCLE MYELOID CELLS,,-3,5.2,4.6,30286,347,100,6,6,2.4,226|1350|2597|5094|9296|10209,ALDOA|COX7C|GAPDH|PCBP2|ATP6V1F|EIF1,-0.5,Kansl1l
DisGeNET,35,C0024408,Machado-Joseph Disease,,-3,9,5.3,30286,135,100,4,4,2,52|4747|6500|7314,ACP1|NEFL|SKP1|UBB,-0.5,Kansl1l
DisGeNET,35,C0007107,Malignant neoplasm of larynx,,-3,5.2,4.5,30286,349,100,6,6,2.4,808|2045|2597|4282|27306|90293,CALM3|EPHA7|GAPDH|MIF|HPGDS|KLHL13,-0.5,Kansl1l
DisGeNET,35,C0267941,"Pancreatitis, Acute Necrotizing",,-2.9,15,6.2,30286,62,100,3,3,1.7,3358|4282|10209,HTR2C|MIF|EIF1,-0.48,Kansl1l
COVID,200,COVID249,RNA_Wilk_CD14+Monocytes_patient-C2_Down,,-2.9,15,6.2,30286,62,100,3,3,1.7,805|3326|7167,CALM2|HSP90AB1|TPI1,-0.48,Kansl1l
Cell Type Signatures,7,M41652,TRAVAGLINI LUNG PROXIMAL BASAL CELL,,-2.9,3.9,4.2,30286,629,100,8,8,2.7,226|2597|3190|5094|6613|7167|23741|400916,ALDOA|GAPDH|HNRNPK|PCBP2|SUMO2|TPI1|EID1|CHCHD10,-0.48,Kansl1l
DisGeNET,35,C1861821,"CATARACT, MARNER TYPE",,-2.9,14,6.1,30286,63,100,3,3,1.7,801|805|808,CALM1|CALM2|CALM3,-0.47,Kansl1l
DisGeNET,35,C0025286,Meningioma,,-2.9,3.8,4.1,30286,634,100,8,8,2.7,801|805|808|2597|3183|4282|7534|27306,CALM1|CALM2|CALM3|GAPDH|HNRNPC|MIF|YWHAZ|HPGDS,-0.47,Kansl1l
DisGeNET,35,C0009171,Cocaine Abuse,,-2.9,8.4,5.1,30286,144,100,4,4,2,801|805|3358|4900,CALM1|CALM2|HTR2C|NRGN,-0.43,Kansl1l
DisGeNET,35,C0037772,Spastic Paraplegia,,-2.9,8.4,5.1,30286,144,100,4,4,2,801|805|808|23204,CALM1|CALM2|CALM3|ARL6IP1,-0.43,Kansl1l
DisGeNET,35,C3160718,"PARKINSON DISEASE, LATE-ONSET",,-2.9,6.1,4.7,30286,247,100,5,5,2.2,285|2597|4747|6500|27429,ANGPT2|GAPDH|NEFL|SKP1|HTRA2,-0.42,Kansl1l
DisGeNET,35,C0026691,Mucocutaneous Lymph Node Syndrome,,-2.8,4.9,4.4,30286,370,100,6,6,2.4,285|2597|4282|9447|64805|254827,ANGPT2|GAPDH|MIF|AIM2|P2RY12|NAALADL2,-0.41,Kansl1l
Cell Type Signatures,7,M41709,FAN OVARY CL7 ANGEIOGENIC ENDOTHELIAL CELL,,-2.8,6,4.6,30286,251,100,5,5,2.2,285|801|830|7529|23741,ANGPT2|CALM1|CAPZA2|YWHAB|EID1,-0.4,Kansl1l
DisGeNET,35,C0013363,Dysautonomia,,-2.8,8.2,5,30286,148,100,4,4,2,285|801|805|27429,ANGPT2|CALM1|CALM2|HTRA2,-0.4,Kansl1l
DisGeNET,35,C0002878,"Anemia, Hemolytic",,-2.8,7.9,4.9,30286,153,100,4,4,2,212|226|7167|27306,ALAS2|ALDOA|TPI1|HPGDS,-0.36,Kansl1l
DisGeNET,35,C0013575,Ectodermal Dysplasia,,-2.8,13,5.7,30286,71,100,3,3,1.7,801|805|808,CALM1|CALM2|CALM3,-0.36,Kansl1l
Cell Type Signatures,7,M39268,HU FETAL RETINA PHOTORECEPTOR,,-2.8,13,5.7,30286,71,100,3,3,1.7,3021|4826|7167,H3-3B|NNAT|TPI1,-0.36,Kansl1l
DisGeNET,35,C0598894,Monocytic leukemia,,-2.8,13,5.7,30286,71,100,3,3,1.7,801|805|808,CALM1|CALM2|CALM3,-0.36,Kansl1l
DisGeNET,35,C0266463,Lissencephaly,,-2.8,13,5.7,30286,71,100,3,3,1.7,801|805|808,CALM1|CALM2|CALM3,-0.36,Kansl1l
DisGeNET,35,C0024809,Marijuana Abuse,,-2.7,7.8,4.9,30286,156,100,4,4,2,801|805|808|3357,CALM1|CALM2|CALM3|HTR2B,-0.34,Kansl1l
COVID,200,COVID282,RNA_Wilk_Dendritic-cells_patient-C5_Up,,-2.7,12,5.6,30286,73,100,3,3,1.7,801|3151|3326,CALM1|HMGN2|HSP90AB1,-0.33,Kansl1l
DisGeNET,35,C0023462,Acute Megakaryocytic Leukemias,,-2.7,7.7,4.8,30286,158,100,4,4,2,801|805|808|2597,CALM1|CALM2|CALM3|GAPDH,-0.32,Kansl1l
DisGeNET,35,C0220615,Adult Acute Myeloblastic Leukemia,,-2.7,7.6,4.8,30286,160,100,4,4,2,801|805|808|27306,CALM1|CALM2|CALM3|HPGDS,-0.31,Kansl1l
DisGeNET,35,C0009676,Confusion,,-2.7,12,5.5,30286,75,100,3,3,1.7,801|805|808,CALM1|CALM2|CALM3,-0.31,Kansl1l
Cell Type Signatures,7,M41714,FAN OVARY CL12 T LYMPHOCYTE NK CELL 2,,-2.7,7.5,4.8,30286,161,100,4,4,2,801|7314|7529|10209,CALM1|UBB|YWHAB|EIF1,-0.31,Kansl1l
DisGeNET,35,C0027497,Nausea,,-2.7,7.5,4.8,30286,161,100,4,4,2,3624|4282|27306|27429,INHBA|MIF|HPGDS|HTRA2,-0.31,Kansl1l
DisGeNET,35,C4721579,Secondary malignant neoplasm of colon and/or rectum,,-2.7,4.6,4.1,30286,397,100,6,6,2.4,52|285|2597|7167|27306|59286,ACP1|ANGPT2|GAPDH|TPI1|HPGDS|UBL5,-0.3,Kansl1l
Cell Type Signatures,7,M40003,BUSSLINGER ESOPHAGEAL EARLY SUPRABASAL CELLS,,-2.6,12,5.4,30286,79,100,3,3,1.7,805|3183|3326,CALM2|HNRNPC|HSP90AB1,-0.26,Kansl1l
DisGeNET,35,C0086445,Idiopathic Membranous Glomerulonephritis,,-2.6,12,5.4,30286,79,100,3,3,1.7,2597|7534|27306,GAPDH|YWHAZ|HPGDS,-0.26,Kansl1l
COVID,200,COVID228,Translatome_Bojkova_Caco-2_24h_Down,,-2.6,7.1,4.6,30286,170,100,4,4,2,3006|4697|6500|59286,H1-2|NDUFA4|SKP1|UBL5,-0.24,Kansl1l
DisGeNET,35,C0242510,Drug usage,,-2.6,7.1,4.6,30286,170,100,4,4,2,801|805|808|59286,CALM1|CALM2|CALM3|UBL5,-0.24,Kansl1l
DisGeNET,35,C0027868,Neuromuscular Diseases,,-2.6,7.1,4.6,30286,171,100,4,4,2,4747|7167|27429|400916,NEFL|TPI1|HTRA2|CHCHD10,-0.23,Kansl1l
DisGeNET,35,C0025500,Mesothelioma,,-2.6,3.8,3.8,30286,559,100,7,7,2.6,285|801|805|808|4067|23741|27306,ANGPT2|CALM1|CALM2|CALM3|LYN|EID1|HPGDS,-0.23,Kansl1l
DisGeNET,35,C0856169,Endothelial dysfunction,,-2.6,3.4,3.7,30286,716,100,8,8,2.7,285|801|805|808|6019|6613|23452|64805,ANGPT2|CALM1|CALM2|CALM3|RLN2|SUMO2|ANGPTL2|P2RY12,-0.23,Kansl1l
COVID,200,COVID226,Translatome_Bojkova_Caco-2_10h_Down,,-2.6,11,5.2,30286,83,100,3,3,1.7,4697|6500|10209,NDUFA4|SKP1|EIF1,-0.22,Kansl1l
DisGeNET,35,C3469186,"HEMOCHROMATOSIS, TYPE 1",,-2.6,11,5.2,30286,83,100,3,3,1.7,2597|27306|55840,GAPDH|HPGDS|EAF2,-0.22,Kansl1l
Cell Type Signatures,7,M39168,MURARO PANCREAS ALPHA CELL,,-2.6,3.7,3.8,30286,568,100,7,7,2.6,801|1602|3006|3151|7314|59286|84707,CALM1|DACH1|H1-2|HMGN2|UBB|UBL5|BEX2,-0.2,Kansl1l
DisGeNET,35,C0040517,Gilles de la Tourette syndrome,,-2.5,6.8,4.5,30286,177,100,4,4,2,52|3357|3358|27306,ACP1|HTR2B|HTR2C|HPGDS,-0.2,Kansl1l
COVID,200,COVID257,RNA_Wilk_CD14+Monocytes_patient-C6_Down,,-2.5,11,5.1,30286,86,100,3,3,1.7,3326|5094|10209,HSP90AB1|PCBP2|EIF1,-0.19,Kansl1l
DisGeNET,35,C0399526,Class III malocclusion,,-2.5,6.7,4.4,30286,181,100,4,4,2,801|805|808|3190,CALM1|CALM2|CALM3|HNRNPK,-0.17,Kansl1l
DisGeNET,35,C1384666,hearing impairment,,-2.5,3.3,3.6,30286,739,100,8,8,2.7,1687|3190|4697|4747|5000|6500|27306|400916,GSDME|HNRNPK|NDUFA4|NEFL|ORC4|SKP1|HPGDS|CHCHD10,-0.17,Kansl1l
DisGeNET,35,C0525045,Mood Disorders,,-2.5,3.7,3.7,30286,580,100,7,7,2.6,801|805|808|1006|3358|7534|27306,CALM1|CALM2|CALM3|CDH8|HTR2C|YWHAZ|HPGDS,-0.17,Kansl1l
COVID,200,COVID058,Phosphoproteome_Bouhaddou_Vero_E6_12h_Up,,-2.5,5,4.1,30286,300,100,5,5,2.2,226|2597|3190|3326|6500,ALDOA|GAPDH|HNRNPK|HSP90AB1|SKP1,-0.17,Kansl1l
COVID,200,COVID031,RNA_Liao_BALF-severe_Down,,-2.5,5,4.1,30286,300,100,5,5,2.2,805|5094|7314|23204|27306,CALM2|PCBP2|UBB|ARL6IP1|HPGDS,-0.17,Kansl1l
COVID,200,COVID383,Interactome_Laurent_HEK293_24h_ORF3B,,-2.5,5,4.1,30286,300,100,5,5,2.2,2045|3151|4067|8633|145748,EPHA7|HMGN2|LYN|UNC5C|LYSMD4,-0.17,Kansl1l
DisGeNET,35,C0032897,Prader-Willi Syndrome,,-2.5,6.6,4.4,30286,184,100,4,4,2,2597|3357|3358|23741,GAPDH|HTR2B|HTR2C|EID1,-0.16,Kansl1l
DisGeNET,35,C0007758,Cerebellar Ataxia,,-2.5,4.1,3.8,30286,440,100,6,6,2.4,212|801|805|808|4747|400916,ALAS2|CALM1|CALM2|CALM3|NEFL|CHCHD10,-0.14,Kansl1l
Cell Type Signatures,7,M39291,DURANTE ADULT OLFACTORY NEUROEPITHELIUM MATURE NEURONS,,-2.5,6.5,4.3,30286,187,100,4,4,2,801|805|808|4747,CALM1|CALM2|CALM3|NEFL,-0.14,Kansl1l
DisGeNET,35,C0020555,Hypertrichosis,,-2.5,9.9,4.9,30286,92,100,3,3,1.7,3190|4697|27306,HNRNPK|NDUFA4|HPGDS,-0.14,Kansl1l
Cell Type Signatures,7,M40228,DESCARTES FETAL LIVER MESOTHELIAL CELLS,,-2.4,4.9,4,30286,310,100,5,5,2.2,1687|3624|23767|26071|29119,GSDME|INHBA|FLRT3|RTL8A|CTNNA3,-0.12,Kansl1l
Cell Type Signatures,7,M39256,MENON FETAL KIDNEY 6 COLLECTING DUCT CELLS,,-2.4,9.7,4.8,30286,94,100,3,3,1.7,801|10209|60592,CALM1|EIF1|SCOC,-0.11,Kansl1l
DisGeNET,35,C0027796,Neuralgia,,-2.4,3.2,3.5,30286,766,100,8,8,2.7,285|3357|3358|4282|4747|7534|23767|64805,ANGPT2|HTR2B|HTR2C|MIF|NEFL|YWHAZ|FLRT3|P2RY12,-0.1,Kansl1l
Cell Type Signatures,7,M39200,HAY BONE MARROW IMMATURE NEUTROPHIL,,-2.4,6.2,4.2,30286,194,100,4,4,2,3021|5094|9296|23710,H3-3B|PCBP2|ATP6V1F|GABARAPL1,-0.098,Kansl1l
PaGenBase,36,PGB:00065,Cell-specific: DRG,,-2.4,4,3.7,30286,455,100,6,6,2.4,1006|3357|4747|5121|8633|9934,CDH8|HTR2B|NEFL|PCP4|UNC5C|P2RY14,-0.092,Kansl1l
DisGeNET,35,C0595989,Carcinoma of larynx,,-2.4,4,3.7,30286,456,100,6,6,2.4,808|2045|2597|3326|4282|27306,CALM3|EPHA7|GAPDH|HSP90AB1|MIF|HPGDS,-0.09,Kansl1l
COVID,200,COVID253,RNA_Wilk_CD14+Monocytes_patient-C4_Down,,-2.4,9.4,4.8,30286,97,100,3,3,1.7,805|5094|10209,CALM2|PCBP2|EIF1,-0.09,Kansl1l
Cell Type Signatures,7,M39189,HAY BONE MARROW CD34 POS PRE B,,-2.4,9.3,4.7,30286,98,100,3,3,1.7,1687|3006|79161,GSDME|H1-2|TMEM243,-0.082,Kansl1l
DisGeNET,35,C0338451,Frontotemporal dementia,,-2.4,4.7,3.9,30286,320,100,5,5,2.2,3183|4747|4900|5094|400916,HNRNPC|NEFL|NRGN|PCBP2|CHCHD10,-0.082,Kansl1l
DisGeNET,35,C4086152,Childhood Astrocytoma,,-2.4,3.4,3.5,30286,615,100,7,7,2.6,285|3021|4747|7534|9447|27306|64805,ANGPT2|H3-3B|NEFL|YWHAZ|AIM2|HPGDS|P2RY12,-0.078,Kansl1l
DisGeNET,35,C0038443,"Stress, Psychological",,-2.4,6.1,4.1,30286,199,100,4,4,2,801|805|808|3358,CALM1|CALM2|CALM3|HTR2C,-0.078,Kansl1l
DisGeNET,35,C0220620,Gastrointestinal Carcinoid Tumor,,-2.4,4.7,3.8,30286,323,100,5,5,2.2,801|805|808|3021|3183,CALM1|CALM2|CALM3|H3-3B|HNRNPC,-0.073,Kansl1l
DisGeNET,35,C1636149,"Macular dystrophy, corneal type 1",,-2.3,9.1,4.7,30286,100,100,3,3,1.7,3859|4282|7534,KRT12|MIF|YWHAZ,-0.069,Kansl1l
DisGeNET,35,C0003125,Anorexia Nervosa,,-2.3,6,4.1,30286,202,100,4,4,2,1879|3358|4747|4826,EBF1|HTR2C|NEFL|NNAT,-0.062,Kansl1l
DisGeNET,35,C0023976,Long QT Syndrome,,-2.3,8.7,4.5,30286,105,100,3,3,1.7,801|805|808,CALM1|CALM2|CALM3,-0.015,Kansl1l
DisGeNET,35,C0520679,"Sleep Apnea, Obstructive",,-2.3,3.8,3.5,30286,480,100,6,6,2.4,226|285|801|805|808|4282,ALDOA|ANGPT2|CALM1|CALM2|CALM3|MIF,-0.011,Kansl1l
COVID,200,COVID371,Interactome_Laurent_HEK293_24h_NSP15,,-2.3,8.6,4.5,30286,106,100,3,3,1.7,7167|9296|27429,TPI1|ATP6V1F|HTRA2,-0.011,Kansl1l
DisGeNET,35,C0040997,Trigeminal Neuralgia,,-2.3,8.6,4.5,30286,106,100,3,3,1.7,801|805|808,CALM1|CALM2|CALM3,-0.011,Kansl1l
DisGeNET,35,C0085669,Acute leukemia,,-2.3,3.3,3.4,30286,639,100,7,7,2.6,801|805|808|1879|2045|4826|27306,CALM1|CALM2|CALM3|EBF1|EPHA7|NNAT|HPGDS,-0.0096,Kansl1l
DisGeNET,35,C0237123,Alcohol or Other Drugs use,,-2.3,8.4,4.4,30286,108,100,3,3,1.7,801|805|808,CALM1|CALM2|CALM3,0,Kansl1l
DisGeNET,35,C0158266,Intervertebral Disc Degeneration,,-2.3,4.4,3.7,30286,342,100,5,5,2.2,285|6613|7529|7534|10209,ANGPT2|SUMO2|YWHAB|YWHAZ|EIF1,0,Kansl1l
DisGeNET,35,C0010278,Craniosynostosis,,-2.2,3.7,3.5,30286,488,100,6,6,2.4,801|805|808|3190|5000|27306,CALM1|CALM2|CALM3|HNRNPK|ORC4|HPGDS,0,Kansl1l
DisGeNET,35,C0079541,Holoprosencephaly,,-2.2,8.3,4.4,30286,109,100,3,3,1.7,801|805|808,CALM1|CALM2|CALM3,0,Kansl1l
DisGeNET,35,C0220621,Childhood Acute Myeloid Leukemia,,-2.2,5.6,3.9,30286,215,100,4,4,2,801|805|808|27306,CALM1|CALM2|CALM3|HPGDS,0,Kansl1l
DisGeNET,35,C0038586,Substance Use Disorders,,-2.2,5.6,3.9,30286,218,100,4,4,2,801|805|808|29119,CALM1|CALM2|CALM3|CTNNA3,0,Kansl1l
DisGeNET,35,C0001956,Alcohol Use Disorder,,-2.2,5.6,3.9,30286,218,100,4,4,2,801|805|808|4900,CALM1|CALM2|CALM3|NRGN,0,Kansl1l
COVID,200,COVID182,Proteome_Stukalov_A549_72h_ORF9B_Down,,-2.2,5.6,3.9,30286,218,100,4,4,2,1350|4697|4718|7167,COX7C|NDUFA4|NDUFC2|TPI1,0,Kansl1l
DisGeNET,35,C0024668,"Mammary Neoplasms, Experimental",,-2.2,5.6,3.9,30286,218,100,4,4,2,3021|4282|5121|7534,H3-3B|MIF|PCP4|YWHAZ,0,Kansl1l
DisGeNET,35,C0010709,Cyst,,-2.2,5.5,3.8,30286,221,100,4,4,2,285|1006|7167|23204,ANGPT2|CDH8|TPI1|ARL6IP1,0,Kansl1l
DisGeNET,35,C0025007,Measles,,-2.2,8,4.3,30286,113,100,3,3,1.7,801|805|808,CALM1|CALM2|CALM3,0,Kansl1l
DisGeNET,35,C0016034,Breast Fibrocystic Disease,,-2.2,8,4.3,30286,114,100,3,3,1.7,801|805|808,CALM1|CALM2|CALM3,0,Kansl1l
DisGeNET,35,C0278883,Metastatic melanoma,,-2.2,3.6,3.4,30286,504,100,6,6,2.4,801|805|808|2045|2597|4282,CALM1|CALM2|CALM3|EPHA7|GAPDH|MIF,0,Kansl1l
DisGeNET,35,C4521042,Complete Trisomy 21 Syndrome,,-2.2,3.2,3.3,30286,668,100,7,7,2.6,2597|4685|4747|5121|7314|23452|27306,GAPDH|NCAM2|NEFL|PCP4|UBB|ANGPTL2|HPGDS,0,Kansl1l
DisGeNET,35,C0234985,Mental deterioration,,-2.2,3.6,3.4,30286,508,100,6,6,2.4,285|4282|4747|4900|7534|8633,ANGPT2|MIF|NEFL|NRGN|YWHAZ|UNC5C,0,Kansl1l
Cell Type Signatures,7,M39201,HAY BONE MARROW MONOCYTE,,-2.2,5.3,3.8,30286,227,100,4,4,2,805|830|4067|400916,CALM2|CAPZA2|LYN|CHCHD10,0,Kansl1l
Cell Type Signatures,7,M39069,MANNO MIDBRAIN NEUROTYPES HDA2,,-2.1,3.5,3.3,30286,513,100,6,6,2.4,1006|4826|23710|23767|84707|90293,CDH8|NNAT|GABARAPL1|FLRT3|BEX2|KLHL13,0,Kansl1l
DisGeNET,35,C0039070,Syncope,,-2.1,7.6,4.2,30286,119,100,3,3,1.7,801|805|808,CALM1|CALM2|CALM3,0,Kansl1l
DisGeNET,35,C0158646,Cleft palate with cleft lip,,-2.1,7.6,4.2,30286,119,100,3,3,1.7,801|805|808,CALM1|CALM2|CALM3,0,Kansl1l
Cell Type Signatures,7,M39175,MURARO PANCREAS MESENCHYMAL STROMAL CELL,,-2.1,3.1,3.2,30286,680,100,7,7,2.6,1879|2597|3624|7167|23452|23741|25907,EBF1|GAPDH|INHBA|TPI1|ANGPTL2|EID1|TMEM158,0,Kansl1l
DisGeNET,35,C4525297,Stage 0 Gallbladder Cancer AJCC v8,,-2.1,4.1,3.5,30286,367,100,5,5,2.2,801|805|808|4282|27306,CALM1|CALM2|CALM3|MIF|HPGDS,0,Kansl1l
DisGeNET,35,C4525301,Stage IIB Gallbladder Cancer AJCC v8,,-2.1,4.1,3.5,30286,367,100,5,5,2.2,801|805|808|4282|27306,CALM1|CALM2|CALM3|MIF|HPGDS,0,Kansl1l
DisGeNET,35,C4525302,Stage III Gallbladder Cancer AJCC v8,,-2.1,4.1,3.5,30286,367,100,5,5,2.2,801|805|808|4282|27306,CALM1|CALM2|CALM3|MIF|HPGDS,0,Kansl1l
DisGeNET,35,C4525305,Stage IV Gallbladder Cancer AJCC v8,,-2.1,4.1,3.5,30286,367,100,5,5,2.2,801|805|808|4282|27306,CALM1|CALM2|CALM3|MIF|HPGDS,0,Kansl1l
DisGeNET,35,C4525300,Stage IIA Gallbladder Cancer AJCC v8,,-2.1,4.1,3.5,30286,367,100,5,5,2.2,801|805|808|4282|27306,CALM1|CALM2|CALM3|MIF|HPGDS,0,Kansl1l
DisGeNET,35,C0007820,Cerebrovascular Disorders,,-2.1,5.2,3.7,30286,233,100,4,4,2,285|3190|4747|27306,ANGPT2|HNRNPK|NEFL|HPGDS,0,Kansl1l
DisGeNET,35,C0220605,Adult Non-Hodgkin Lymphoma,,-2.1,4.1,3.4,30286,370,100,5,5,2.2,801|805|808|5000|27306,CALM1|CALM2|CALM3|ORC4|HPGDS,0,Kansl1l
DisGeNET,35,C1318544,M5b Acute differentiated monocytic leukemia,,-2.1,7.4,4.1,30286,122,100,3,3,1.7,801|805|808,CALM1|CALM2|CALM3,0,Kansl1l
DisGeNET,35,C0007785,Cerebral Infarction,,-2.1,3.1,3.2,30286,687,100,7,7,2.6,285|4282|6613|7534|27306|27429|64805,ANGPT2|MIF|SUMO2|YWHAZ|HPGDS|HTRA2|P2RY12,0,Kansl1l
Cell Type Signatures,7,M39022,FAN EMBRYONIC CTX BIG GROUPS MICROGLIA,,-2.1,4.1,3.4,30286,371,100,5,5,2.2,1794|3006|4067|27306|64805,DOCK2|H1-2|LYN|HPGDS|P2RY12,0,Kansl1l
DisGeNET,35,C0220612,Childhood Non-Hodgkin Lymphoma,,-2.1,4.1,3.4,30286,371,100,5,5,2.2,801|805|808|5000|27306,CALM1|CALM2|CALM3|ORC4|HPGDS,0,Kansl1l
DisGeNET,35,C3888194,MIXED LINEAGE LEUKEMIA,,-2.1,5,3.6,30286,240,100,4,4,2,801|805|808|84707,CALM1|CALM2|CALM3|BEX2,0,Kansl1l
DisGeNET,35,C3714636,Pneumonitis,,-2.1,3,3.1,30286,696,100,7,7,2.6,285|4282|5121|9447|10803|27306|64805,ANGPT2|MIF|PCP4|AIM2|CCR9|HPGDS|P2RY12,0,Kansl1l
DisGeNET,35,C1861172,Venous Thromboembolism,,-2.1,4,3.4,30286,378,100,5,5,2.2,285|7534|55840|64805|254827,ANGPT2|YWHAZ|EAF2|P2RY12|NAALADL2,0,Kansl1l
DisGeNET,35,C1839259,"Bulbo-Spinal Atrophy, X-Linked",,-2.1,7.2,4,30286,126,100,3,3,1.7,2597|4747|400916,GAPDH|NEFL|CHCHD10,0,Kansl1l
DisGeNET,35,C0236969,Substance-Related Disorders,,-2.1,7.1,4,30286,128,100,3,3,1.7,3357|3358|29119,HTR2B|HTR2C|CTNNA3,0,Kansl1l
DisGeNET,35,C0024636,Malocclusion,,-2.1,7.1,4,30286,128,100,3,3,1.7,801|805|808,CALM1|CALM2|CALM3,0,Kansl1l
DisGeNET,35,C0855197,Malignant Testicular Germ Cell Tumor,,-2.1,7.1,4,30286,128,100,3,3,1.7,4282|27306|122042,MIF|HPGDS|RXFP2,0,Kansl1l
DisGeNET,35,C0238198,Gastrointestinal Stromal Tumors,,-2,3.4,3.2,30286,538,100,6,6,2.4,285|801|805|808|3326|4747,ANGPT2|CALM1|CALM2|CALM3|HSP90AB1|NEFL,0,Kansl1l
DisGeNET,35,C0002965,"Angina, Unstable",,-2,7,4,30286,129,100,3,3,1.7,6019|7534|64805,RLN2|YWHAZ|P2RY12,0,Kansl1l
DisGeNET,35,C0023470,Myeloid Leukemia,,-2,3.9,3.3,30286,385,100,5,5,2.2,801|805|808|1602|27306,CALM1|CALM2|CALM3|DACH1|HPGDS,0,Kansl1l
DisGeNET,35,C0039585,Androgen-Insensitivity Syndrome,,-2,4.9,3.5,30286,247,100,4,4,2,801|805|808|4900,CALM1|CALM2|CALM3|NRGN,0,Kansl1l
DisGeNET,35,C0333463,Senile Plaques,,-2,4.9,3.5,30286,249,100,4,4,2,4900|7314|9447|27306,NRGN|UBB|AIM2|HPGDS,0,Kansl1l
COVID,200,COVID200,Ubiquitinome_Stukalov_A549-ACE2_6h_Down,,-2,4.8,3.5,30286,250,100,4,4,2,226|3006|23204|26071,ALDOA|H1-2|ARL6IP1|RTL8A,0,Kansl1l
DisGeNET,35,C0011265,Presenile dementia,,-2,3,3,30286,718,100,7,7,2.6,801|2597|4747|4900|7167|7314|400916,CALM1|GAPDH|NEFL|NRGN|TPI1|UBB|CHCHD10,0,Kansl1l
DisGeNET,35,C0085298,Sudden Cardiac Death,,-2,6.8,3.9,30286,133,100,3,3,1.7,801|805|808,CALM1|CALM2|CALM3,0,Kansl1l
