_MEMBER_Itm2c,_LogP_Itm2c,GO,_PATTERN_,_RANK_,GiniIndex,Category,CategoryID,Description,PARENT_GO,LogP,Enrichment,Z-score,#TotalGeneInLibrary,#GeneInGO,#GeneInHitList,#GeneInGOAndHitList,%InGO,STDV %InGO,GeneID,Hits,Log(q-value),EvidenceCutoff
1,-6.9,COVID029,M1,1,0,COVID,200,RNA_Liao_BALF-mild_Down,,-6.9,24,12,30286,300,25,6,24,8.5,6133|6139|6157|6164|6217|126298,RPL9|RPL17|RPL27A|RPL34|RPS16|IRGQ,-3.7,0
1,-5.3,COVID238,M1,1,0,COVID,200,RNA_Lieberman_Nasopharynx_Infected_vs_Neg_Down,,-5.3,87,16,30286,42,25,3,12,6.5,6139|6175|6202,RPL17|RPLP0|RPS8,-2.2,0
1,-4.3,COVID200,M1,1,0,COVID,200,Ubiquitinome_Stukalov_A549-ACE2_6h_Down,,-4.3,19,8.4,30286,250,25,4,16,7.3,6133|6157|6161|6164,RPL9|RPL27A|RPL32|RPL34,-1.3,0
1,-4,COVID052,M1,1,0,COVID,200,RNA_Xiong_BALF_Up,,-4,16,7.6,30286,300,25,4,16,7.3,6133|6157|6202|6217,RPL9|RPL27A|RPS8|RPS16,-1,0
1,-3.3,COVID240,M1,1,0,COVID,200,RNA_Lieberman_Nasopharynx_High_vs_Low_Down,,-3.3,19,7.2,30286,188,25,3,12,6.5,3726|6159|6202,JUNB|RPL29|RPS8,-0.44,0
1,-2.7,COVID010,M1,1,0,COVID,200,RNA_Blanco-Melo_A549-ACE2_Up,,-2.7,12,5.6,30286,300,25,3,12,6.5,3726|84919|126298,JUNB|PPP1R15B|IRGQ,0,0
1,-2.7,COVID037,M1,1,0,COVID,200,RNA_Sun_Calu-3_12h_Down,,-2.7,12,5.6,30286,300,25,3,12,6.5,514|7077|140707,ATP5F1E|TIMP2|BRI3BP,0,0
1,-2.7,COVID243,M1,1,0,COVID,200,RNA_Riva_Vero-E6_24h_Up,,-2.7,12,5.6,30286,300,25,3,12,6.5,6161|8482|84919,RPL32|SEMA7A|PPP1R15B,0,0
