_MEMBER_Trpc3,_LogP_Trpc3,GO,_PATTERN_,_RANK_,GiniIndex,Category,CategoryID,Description,PARENT_GO,LogP,Enrichment,Z-score,#TotalGeneInLibrary,#GeneInGO,#GeneInHitList,#GeneInGOAndHitList,%InGO,STDV %InGO,GeneID,Hits,Log(q-value),EvidenceCutoff
1,-5.4,M39245,M1,1,0,Cell Type Signatures,7,LAKE ADULT KIDNEY C26 MESANGIAL CELLS,,-5.4,86,16,30286,177,6,3,50,20,3908|10395|23362,LAMA2|DLC1|PSD3,-0.91,0
1,-4.7,M39040,M1,1,0,Cell Type Signatures,7,FAN EMBRYONIC CTX BRAIN ENDOTHELIAL 2,,-4.7,50,12,30286,303,6,3,50,20,3908|10395|57125,LAMA2|DLC1|PLXDC1,-0.51,0
1,-4.5,M39018,M1,1,0,Cell Type Signatures,7,FAN EMBRYONIC CTX BIG GROUPS BRAIN ENDOTHELIAL,,-4.5,41,11,30286,365,6,3,50,20,3908|10395|57125,LAMA2|DLC1|PLXDC1,-0.44,0
1,-3.7,M39175,M1,1,0,Cell Type Signatures,7,MURARO PANCREAS MESENCHYMAL STROMAL CELL,,-3.7,22,7.9,30286,680,6,3,50,20,3908|10395|57125,LAMA2|DLC1|PLXDC1,0,0
