Category,CategoryID,GO,Description,PARENT_GO,LogP,Enrichment,Z-score,#TotalGeneInLibrary,#GeneInGO,#GeneInHitList,#GeneInGOAndHitList,%InGO,STDV %InGO,GeneID,Hits,Log(q-value),GeneList
Cell Type Signatures,7,M39245,LAKE ADULT KIDNEY C26 MESANGIAL CELLS,,-5.4,86,16,30286,177,6,3,50,20,3908|10395|23362,LAMA2|DLC1|PSD3,-0.91,Trpc3
Cell Type Signatures,7,M39040,FAN EMBRYONIC CTX BRAIN ENDOTHELIAL 2,,-4.7,50,12,30286,303,6,3,50,20,3908|10395|57125,LAMA2|DLC1|PLXDC1,-0.51,Trpc3
Cell Type Signatures,7,M39018,FAN EMBRYONIC CTX BIG GROUPS BRAIN ENDOTHELIAL,,-4.5,41,11,30286,365,6,3,50,20,3908|10395|57125,LAMA2|DLC1|PLXDC1,-0.44,Trpc3
Cell Type Signatures,7,M39175,MURARO PANCREAS MESENCHYMAL STROMAL CELL,,-3.7,22,7.9,30286,680,6,3,50,20,3908|10395|57125,LAMA2|DLC1|PLXDC1,0,Trpc3
