_MEMBER_Per2,_LogP_Per2,GO,_PATTERN_,_RANK_,GiniIndex,Category,CategoryID,Description,PARENT_GO,LogP,Enrichment,Z-score,#TotalGeneInLibrary,#GeneInGO,#GeneInHitList,#GeneInGOAndHitList,%InGO,STDV %InGO,GeneID,Hits,Log(q-value),EvidenceCutoff
1,-3.6,C0525045,M1,1,0,DisGeNET,35,Mood Disorders,,-3.6,12,6.5,30286,580,17,4,24,10,2289|8863|11069|23230,FKBP5|PER3|RAPGEF4|VPS13A,0,0
1,-3,C0851578,M1,1,0,DisGeNET,35,Sleep Disorders,,-3,15,6.3,30286,359,17,3,18,9.2,2289|8863|23230,FKBP5|PER3|VPS13A,0,0
1,-2.1,C0233794,M1,1,0,DisGeNET,35,Memory impairment,,-2.1,7,4,30286,763,17,3,18,9.2,2289|11069|23230,FKBP5|RAPGEF4|VPS13A,0,0
1,-2,C0004936,M1,1,0,DisGeNET,35,Mental disorders,,-2,6.8,3.9,30286,789,17,3,18,9.2,2289|5625|8863,FKBP5|PRODH|PER3,0,0
