Category,CategoryID,GO,Description,PARENT_GO,LogP,Enrichment,Z-score,#TotalGeneInLibrary,#GeneInGO,#GeneInHitList,#GeneInGOAndHitList,%InGO,STDV %InGO,GeneID,Hits,Log(q-value),GeneList
Cell Type Signatures,7,M39241,LAKE ADULT KIDNEY C22 ENDOTHELIAL CELLS GLOMERULAR CAPILLARIES,,-4.2,39,11,30286,137,17,3,18,9.2,2289|9844|11069,FKBP5|ELMO1|RAPGEF4,0,Per2
DisGeNET,35,C0525045,Mood Disorders,,-3.6,12,6.5,30286,580,17,4,24,10,2289|8863|11069|23230,FKBP5|PER3|RAPGEF4|VPS13A,0,Per2
Cell Type Signatures,7,M40029,BUSSLINGER DUODENAL MATURE ENTEROCYTES,,-3.4,21,7.5,30286,259,17,3,18,9.2,1687|5625|56261,GSDME|PRODH|GPCPD1,0,Per2
COVID,200,COVID010,RNA_Blanco-Melo_A549-ACE2_Up,,-3.2,18,6.9,30286,300,17,3,18,9.2,8863|56261|153222,PER3|GPCPD1|CREBRF,0,Per2
DisGeNET,35,C0851578,Sleep Disorders,,-3,15,6.3,30286,359,17,3,18,9.2,2289|8863|23230,FKBP5|PER3|VPS13A,0,Per2
PaGenBase,36,PGB:00002,Tissue-specific: kidney,,-2.6,11,5.3,30286,483,17,3,18,9.2,5625|9376|192668,PRODH|SLC22A8|CYS1,0,Per2
DisGeNET,35,C0233794,Memory impairment,,-2.1,7,4,30286,763,17,3,18,9.2,2289|11069|23230,FKBP5|RAPGEF4|VPS13A,0,Per2
DisGeNET,35,C0004936,Mental disorders,,-2,6.8,3.9,30286,789,17,3,18,9.2,2289|5625|8863,FKBP5|PRODH|PER3,0,Per2
